Compound ID,smiles,measured log solubility in mols per litre,ESOL predicted log solubility in mols per litre,Minimum Degree,Molecular Weight,Number of H-Bond Donors,Number of Rings,Number of Rotatable Bonds,Polar Surface Area
Amigdalin,OCC3OC(OCC2OC(OC(C#N)c1ccccc1)C(O)C(O)C2O)C(O)C(O)C3O ,-0.77,-0.974,1,457.432,7,3,7,202.32
Fenfuram,Cc1occc1C(=O)Nc2ccccc2,-3.3,-2.885,1,201.225,1,2,2,42.24
citral,CC(C)=CCCC(C)=CC(=O),-2.06,-2.579,1,152.237,0,0,4,17.07
Picene,c1ccc2c(c1)ccc3c2ccc4c5ccccc5ccc43,-7.87,-6.618,2,278.354,0,5,0,0
Thiophene,c1ccsc1,-1.33,-2.232,2,84.143,0,1,0,0
benzothiazole,c2ccc1scnc1c2 ,-1.5,-2.733,2,135.191,0,2,0,12.89
"2,2,4,6,6'-PCB",Clc1cc(Cl)c(c(Cl)c1)c2c(Cl)cccc2Cl,-7.32,-6.545,1,326.437,0,2,1,0
Estradiol,CC12CCC3C(CCc4cc(O)ccc34)C2CCC1O,-5.03,-4.138,1,272.388,2,4,0,40.46
Dieldrin,ClC4=C(Cl)C5(Cl)C3C1CC(C2OC12)C3C4(Cl)C5(Cl)Cl,-6.29,-4.533,1,380.913,0,5,0,12.53
Rotenone,COc5cc4OCC3Oc2c1CC(Oc1ccc2C(=O)C3c4cc5OC)C(C)=C ,-4.42,-5.246,1,394.423,0,5,3,63.22
2-pyrrolidone,O=C1CCCN1,1.07,0.243,1,85.106,1,1,0,29.1
2-Chloronapthalene,Clc1ccc2ccccc2c1,-4.14,-4.063,1,162.619,0,2,0,0
1-Pentene ,CCCC=C,-2.68,-2.01,1,70.135,0,0,2,0
Primidone,CCC1(C(=O)NCNC1=O)c2ccccc2,-2.64,-1.897,1,218.256,2,2,2,58.2
Tetradecane,CCCCCCCCCCCCCC,-7.96,-5.45,1,198.394,0,0,11,0
2-Chloropropane,CC(C)Cl,-1.41,-1.585,1,78.542,0,0,0,0
2-Methylbutanol,CCC(C)CO,-0.47,-1.027,1,88.15,1,0,2,20.23
Benzonitrile,N#Cc1ccccc1,-1,-2.03,1,103.124,0,1,0,23.79
Diazinon,CCOP(=S)(OCC)Oc1cc(C)nc(n1)C(C)C,-3.64,-3.989,1,304.352,0,1,7,53.47
2-Undecanol,CCCCCCCCCC(C)O,-2.94,-3.096,1,172.312,1,0,8,20.23
"2,2',3,4,6-PCB",Clc1ccc(c(Cl)c1)c2c(Cl)ccc(Cl)c2Cl ,-7.43,-6.627,1,326.437,0,2,1,0
Lenacil,O=c2[nH]c1CCCc1c(=O)n2C3CCCCC3,-4.594,-3.355,1,234.299,1,3,1,54.86
Phorate,CCOP(=S)(OCC)SCSCC,-4.11,-3.747,1,260.386,0,0,8,18.46
Phenacetin,CCOc1ccc(NC(=O)C)cc1,-2.35,-2.342,1,179.219,1,1,3,38.33
Dinitramine,CCN(CC)c1c(cc(c(N)c1N(=O)=O)C(F)(F)F)N(=O)=O,-5.47,-4.479,1,322.243,1,1,5,115.54
1-Heptanol,CCCCCCCO,-1.81,-1.751,1,116.204,1,0,5,20.23
Theophylline,Cn1c(=O)n(C)c2nc[nH]c2c1=O,-1.39,-1.452,1,180.167,1,2,0,72.68
Butethal,CCCCC1(CC)C(=O)NC(=O)NC1=O,-1.661,-1.974,1,212.249,2,1,4,75.27
"P,P'-DDE",ClC(Cl)=C(c1ccc(Cl)cc1)c2ccc(Cl)cc2,-6.9,-6.553,1,318.03,0,2,2,0
Methyl octanoate,CCCCCCCC(=O)OC,-3.17,-2.608,1,158.241,0,0,6,26.3
"1,4-Diethylbenzene ",CCc1ccc(CC)cc1,-3.75,-3.633,1,134.222,0,1,2,0
Terbufos,CCOP(=S)(OCC)SCSC(C)(C)C,-4.755,-4.367,1,288.44,0,0,7,18.46
Phenmedipham,COC(=O)Nc1cccc(OC(=O)Nc2cccc(C)c2)c1,-4.805,-4.229,1,300.314,2,2,3,76.66
"1,1-Dichloroethylene",ClC(=C)Cl,-1.64,-1.939,1,96.944,0,0,0,0
1-Methylfluorene,Cc1cccc2c1Cc3ccccc32,-5.22,-4.478,1,180.25,0,3,0,0
Valeraldehyde,CCCCC=O,-0.85,-1.103,1,86.134,0,0,3,17.07
Diphenylamine,N(c1ccccc1)c2ccccc2,-3.504,-3.857,2,169.227,1,2,2,12.03
Fenothiocarb,CN(C)C(=O)SCCCCOc1ccccc1,-3.927,-3.297,1,253.367,0,1,6,29.54
Piperophos,CCCOP(=S)(OCCC)SCC(=O)N1CCCCC1C,-4.15,-4.637,1,353.49,0,1,9,38.77
1-Iodoheptane,CCCCCCCI,-4.81,-3.904,1,226.101,0,0,5,0
3-Chlorobiphenyl,c1c(Cl)cccc1c2ccccc2,-4.88,-4.685,1,188.657,0,2,1,0
4-Pentene-1-ol,OCCCC=C,-0.15,-0.791,1,86.134,1,0,3,20.23
Cyclobutyl-5-spirobarbituric acid,O=C2NC(=O)C1(CCC1)C(=O)N2,-1.655,-0.527,1,168.152,2,2,0,75.27
menthol,CC(C)C1CCC(C)CC1O ,-2.53,-2.782,1,156.269,1,1,1,20.23
Isopropyl formate,CC(C)OC=O,-0.63,-0.684,1,88.106,0,0,2,26.3
2-Heptanol ,CCCCCC(C)O,-1.55,-1.678,1,116.204,1,0,4,20.23
p-Bromoacetanilide,CC(=O)Nc1ccc(Br)cc1,-3.083,-3.012,1,214.062,1,1,1,29.1
brompyrazone,c1ccccc1n2ncc(N)c(Br)c2(=O),-3.127,-3.005,1,266.098,1,2,1,60.91
nifedipine,COC(=O)C1=C(C)NC(=C(C1c2ccccc2N(=O)=O)C(=O)OC)C ,-4.76,-4.248,1,346.339,1,2,4,107.77
"2,7-dimethylquinoline",c2c(C)cc1nc(C)ccc1c2 ,-1.94,-3.342,1,157.216,0,2,0,12.89
1-Octyne ,CCCCCCC#C,-3.66,-2.509,1,110.2,0,0,4,0
cyclobarbital,CCC1(C(=O)NC(=O)NC1=O)C2=CCCCC2 ,-2.17,-2.421,1,236.271,2,2,2,75.27
Chrysene,c1ccc2c(c1)ccc3c4ccccc4ccc23,-8.057,-5.568,2,228.294,0,4,0,0
Bromacil,CCC(C)n1c(=O)[nH]c(C)c(Br)c1=O ,-2.523,-3.419,1,261.119,1,1,2,54.86
"2,2',3,3',5,6-PCB",Clc1cccc(c1Cl)c2c(Cl)c(Cl)cc(Cl)c2Cl ,-8.6,-7.185,1,360.882,0,2,1,0
2-Methylphenol,Cc1ccccc1O,-0.62,-2.281,1,108.14,1,1,0,20.23
"2,2,5-Trimethylhexane",CC(C)CCC(C)(C)C,-5.05,-3.631,1,128.259,0,0,2,0
"1,4-Dimethylnaphthalene ",Cc1ccc(C)c2ccccc12,-4.14,-4.147,1,156.228,0,2,0,0
6-Methylchrysene,Cc1cc2c3ccccc3ccc2c4ccccc14,-6.57,-5.931,1,242.321,0,4,0,0
2-Pentanone,CCCC(=O)C,-0.19,-0.846,1,86.134,0,0,2,17.07
"2,2',3,3',5,5',6,6'-PCB",Clc1cc(Cl)c(Cl)c(c1Cl)c2c(Cl)c(Cl)cc(Cl)c2Cl ,-9.15,-8.304,1,429.772,0,2,1,0
Methyl butyrate,CCCOC(=O)CC,-0.82,-1.545,1,116.16,0,0,3,26.3
Triamcinolone,CC34CC(O)C1(F)C(CCC2=CC(=O)C=CC12C)C3CC(O)C4(O)C(=O)CO,-3.68,-2.734,1,394.439,4,4,2,115.06
p-Aminophenol,Nc1ccc(O)cc1,-0.8,-1.231,1,109.128,2,1,0,46.25
Benznidazole,O=C(Cn1ccnc1N(=O)=O)NCc2ccccc2,-2.81,-2.321,1,260.253,1,2,5,90.06
"Atovaquone(0,430mg/ml) - neutral",OC4=C(C1CCC(CC1)c2ccc(Cl)cc2)C(=O)c3ccccc3C4=O,-5.931,-6.269,1,366.844,1,4,2,54.37
Trietazine,CCNc1nc(Cl)nc(n1)N(CC)CC,-4.06,-3.233,1,229.715,1,1,5,53.94
Pyrazinamide,NC(=O)c1cnccn1,-0.667,-0.674,1,123.115,1,1,1,68.87
Carbromal,CCC(Br)(CC)C(=O)NC(N)=O,-2.68,-2.198,1,237.097,2,0,3,72.19
"2,2'-PCB",Clc1ccccc1c2ccccc2Cl ,-5.27,-4.984,1,223.102,0,2,1,0
nitrofurantoin,O=C2CN(N=Cc1ccc(o1)N(=O)=O)C(=O)N2 ,-3.38,-1.243,1,238.159,1,2,3,118.05
Nitrofen,Clc2ccc(Oc1ccc(cc1)N(=O)=O)c(Cl)c2,-5.46,-5.361,1,284.098,0,2,3,52.37
Camphor,CC1(C)C2CCC1(C)C(=O)C2,-1.96,-2.158,1,152.237,0,2,0,17.07
5-Allyl-5-phenylbarbital,O=C1NC(=O)NC(=O)C1(CC=C)c1ccccc1,-2.369,-2.36,1,244.25,2,2,3,75.27
Pentyl propanoate,CCCCC(=O)OCC,-2.25,-1.899,1,130.187,0,0,4,26.3
Isopentyl acetate,CC(C)CCOC(=O)C,-1.92,-1.817,1,130.187,0,0,3,26.3
3-Hexanoyloxymethylphenyltoin,O=C1N(COC(=O)CCCCC)C(=O)C(N1)(c2ccccc2)c3ccccc3,-5.886,-4.153,1,380.444,1,3,8,75.71
"2,3',5-PCB",Clc1cccc(c1)c2cc(Cl)ccc2Cl ,-6.01,-5.762,1,257.547,0,2,1,0
1-Bromopropane,CCCBr,-1.73,-1.949,1,122.993,0,0,1,0
Propiconazole,CCCC1COC(Cn2cncn2)(O1)c3ccc(Cl)cc3Cl,-3.493,-4.603,1,342.226,0,3,5,49.17
Formothion,COP(=S)(OC)SCC(=O)N(C)C=O,-1.995,-2.087,1,257.273,0,0,6,55.84
4-methylpteridine,Cc1ncnc2nccnc12,-0.466,-1.24,1,146.153,0,2,0,51.56
Thiourea,NC(=S)N,0.32,0.329,1,76.124,2,0,0,52.04
p-Xylene ,Cc1ccc(C)cc1,-2.77,-3.035,1,106.168,0,1,0,0
"1,2-Diethylbenzene",CCc1ccccc1CC,-3.28,-3.601,1,134.222,0,1,2,0
Hexachloroethane,ClC(Cl)(Cl)C(Cl)(Cl)Cl,-3.67,-4.215,1,236.74,0,0,0,0
Flucythrinate,CC(C)C(C(=O)OC(C#N)c1cccc(Oc2ccccc2)c1)c3ccc(OC(F)F)cc3,-6.876,-6.878,1,451.469,0,3,9,68.55
1-Nitropropane,CCCN(=O)=O,-0.8,-0.816,1,89.094,0,0,2,43.14
Menthone,CC(C)C1CCC(C)CC1=O,-2.35,-2.516,1,154.253,0,1,1,17.07
RTI 24,CCN2c1cc(Cl)ccc1NC(=O)c3cccnc23 ,-5.36,-4.423,1,273.723,1,3,1,45.23
"2,3-Dichloronitrobenzene",O=N(=O)c1c(Cl)c(Cl)ccc1,-3.48,-3.322,1,192.001,0,1,1,43.14
thiamylal,CCCC(C)C1(CC=C)C(=O)NC(=S)NC1=O ,-3.46,-3.063,1,254.355,2,1,5,58.2
Fluoranthene,c1ccc2c(c1)c3cccc4cccc2c34,-6,-4.957,2,202.256,0,4,0,0
Propylisopropylether,CCCOC(C)C,-1.34,-1.354,1,102.177,0,0,3,9.23
"1,3-Dimethylnaphthalene",Cc1cc(C)c2ccccc2c1,-4.29,-4.147,1,156.228,0,2,0,0
diethylstilbestrol,CCC(=C(CC)c1ccc(O)cc1)c2ccc(O)cc2 ,-4.07,-5.074,1,268.356,2,2,4,40.46
Chlorothalonil,c1(C#N)c(Cl)c(C#N)c(Cl)c(Cl)c(Cl)1,-5.64,-3.995,1,265.914,0,1,0,47.58
"2,3',4',5-PCB",Clc1ccc(Cl)c(c1)c2ccc(Cl)c(Cl)c2,-7.25,-6.312,1,291.992,0,2,1,0
styrene oxide,C1OC1c2ccccc2 ,-1.6,-1.826,2,120.151,0,2,1,12.53
Isopropylbenzene ,CC(C)c1ccccc1,-3.27,-3.265,1,120.195,0,1,1,0
Deoxycorticosterone,CC12CCC3C(CCC4=CC(=O)CCC34C)C2CCC1C(=O)CO,-3.45,-3.939,1,330.468,1,4,2,54.37
chlorquinox,c2(Cl)c(Cl)c(Cl)c1nccnc1c2(Cl) ,-5.43,-4.438,1,267.93,0,2,0,25.78
L-arabinose,C1OC(O)C(O)C(O)C1O,0.39,0.601,1,150.13,4,1,0,90.15
Dichloromethane,ClCCl,-0.63,-1.156,1,84.933,0,0,0,0
1-Ethylnaphthalene ,CCc1cccc2ccccc12,-4.17,-4.1,1,156.228,0,2,1,0
Methyl formate,COC=O,0.58,-0.048,1,60.052,0,0,1,26.3
o-Nitrophenol,Oc1ccccc1N(=O)=O,-1.74,-2.318,1,139.11,1,1,1,63.37
thymine,Cc1c[nH]c(=O)[nH]c1=O ,-1.506,-0.78,1,126.115,2,1,0,65.72
2-Methylpropane,CC(C)C,-2.55,-1.891,1,58.124,0,0,0,0
Inosine,OCC1OC(C(O)C1O)n2cnc3c(O)ncnc23,-1.23,-0.834,1,268.229,4,3,2,133.75
Ioxynil,Oc1c(I)cc(C#N)cc1I,-3.61,-4.615,1,370.915,1,1,0,44.02
Niclosamide,Oc1ccc(Cl)cc1C(=O)Nc2ccc(cc2Cl)N(=O)=O,-4.7,-5.032,1,327.123,2,2,3,92.47
Pentane,CCCCC,-3.18,-2.261,1,72.151,0,0,2,0
Phenol,c1ccccc1O,0,-1.991,1,94.113,1,1,0,20.23
2-aminoanthracene,Nc3ccc2cc1ccccc1cc2c3 ,-5.17,-3.789,1,193.249,1,3,0,26.02
theobromine,Cn1cnc2n(C)c(=O)[nH]c(=O)c12 ,-2.523,-1.05,1,180.167,1,2,0,72.68
Isoquinoline,c1ccc2cnccc2c1,-1.45,-2.531,2,129.162,0,2,0,12.89
Anilofos,COP(=S)(OC)SCC(=O)N(C(C)C)c1ccc(Cl)cc1,-4.432,-5.106,1,367.86,0,1,7,38.77
Hexylbenzene ,CCCCCCc1ccccc1,-5.21,-4.22,1,162.276,0,1,5,0
2-Chlorobiphenyl,Clc1ccccc1c2ccccc2,-4.54,-4.528,1,188.657,0,2,1,0
2-Methyl-1-Pentene,CCCC(=C)C,-3.03,-2.348,1,84.162,0,0,2,0
"2,3,4-Trimethylpentane",CC(C)C(C)C(C)C,-4.8,-3.276,1,114.232,0,0,2,0
Pentachlorobenzene,Clc1cc(Cl)c(Cl)c(Cl)c1Cl,-5.65,-5.168,1,250.339,0,1,0,0
m-Nitrophenol,Oc1cccc(c1)N(=O)=O,-1.01,-2.318,1,139.11,1,1,1,63.37
1-Decene,CCCCCCCCC=C,-5.51,-3.781,1,140.27,0,0,7,0
Glyceryl triacetate,CC(=O)OCC(COC(=O)C)OC(=O)C,-0.6,-1.285,1,218.205,0,0,5,78.9
dimethirimol,CCCCc1c(C)nc(nc1O)N(C)C ,-2.24,-3.57,1,209.293,1,1,4,49.25
Cyfluthrin,CC1(C)C(C=C(Cl)Cl)C1C(=O)OC(C#N)c2ccc(F)c(Oc3ccccc3)c2,-7.337,-6.84,1,434.294,0,3,6,59.32
Pyridine,c1ccncc1,0.76,-1.481,2,79.102,0,1,0,12.89
1-Bromoheptane,CCCCCCCBr,-4.43,-3.366,1,179.101,0,0,5,0
"3,4-Dimethylpyridine",Cc1ccncc1C,0.36,-2.067,1,107.156,0,1,0,12.89
Fludrocortisone,CC34CC(O)C1(F)C(CCC2=CC(=O)CCC12C)C3CCC4(O)C(=O)CO ,-3.43,-3.172,1,380.456,3,4,2,94.83
ethiofencarb,CCSCc1ccccc1OC(=O)NC ,-2.09,-2.855,1,225.313,1,1,4,38.33
Malonic acid diethylester,CCOC(=O)CC(=O)OCC,-0.82,-1.413,1,160.169,0,0,4,52.6
d-Limonene,CC1=CCC(CC1)C(C)=C,-4.26,-3.429,1,136.238,0,1,1,0
Indan,C1Cc2ccccc2C1,-3.04,-3.057,2,118.179,0,2,0,0
p-t-Butylphenol,CC(C)(C)c1ccc(O)cc1,-2.41,-3.192,1,150.221,1,1,0,20.23
Cyclopropyl-5-spirobarbituric acid,O=C2NC(=O)C1(CC1)C(=O)N2 ,-1.886,-0.088,1,154.125,2,2,0,75.27
m-Chloroiodobenzene,Clc1cccc(I)c1,-3.55,-4.384,1,238.455,0,1,0,0
1-Bromonapthalene,Brc1cccc2ccccc12,-4.35,-4.434,1,207.07,0,2,0,0
trans-2-Pentene ,CC/C=C/C,-2.54,-2.076,1,70.135,0,0,1,0
"2,6-Dimethylpyridine",Cc1cccc(C)n1,0.45,-2.098,1,107.156,0,1,0,12.89
Trichloroethylene,ClC=C(Cl)Cl,-1.96,-2.312,1,131.389,0,0,0,0
1-Napthylamine,Nc1cccc2ccccc12,-1.92,-2.721,1,143.189,1,2,0,26.02
m-Xylene ,Cc1cccc(C)c1,-2.82,-3.035,1,106.168,0,1,0,0
2-hydroxypteridine,Oc2ncc1nccnc1n2,-1.947,-1.404,1,148.125,1,2,0,71.79
Methanol,CO,1.57,0.441,1,32.042,1,0,0,20.23
Amobarbital,CCC1(CCC(C)C)C(=O)NC(=O)NC1=O,-2.468,-2.312,1,226.276,2,1,4,75.27
2-Butanone,CCC(=O)C,0.52,-0.491,1,72.107,0,0,1,17.07
5-fluorouracil,Fc1c[nH]c(=O)[nH]c1=O ,-1.077,-0.792,1,130.078,2,1,0,65.72
tubercidin,Nc1ncnc2n(ccc12)C3OC(CO)C(O)C3O ,-1.95,-0.892,1,266.257,4,3,2,126.65
"1,3-Benzenediol",Oc1cccc(O)c1,0.81,-1.59,1,110.112,2,1,0,40.46
1-Hexanol,CCCCCCO,-1.24,-1.397,1,102.177,1,0,4,20.23
1-Chloropentane,CCCCCCl,-2.73,-2.294,1,106.596,0,0,3,0
"1,3-Butadiene",C=CC=C,-1.87,-1.376,1,54.092,0,0,1,0
Propyl acetate,CCCOC(=O)C,-0.72,-1.125,1,102.133,0,0,2,26.3
"5,6,7,8-tetrahydro-2-naphthol",Oc2ccc1CCCCc1c2 ,-1.99,-3.086,1,148.205,1,2,0,20.23
chloroacetamide,NC(=O)CCl ,-0.02,-0.106,1,93.513,1,0,1,43.09
Iodofenphos,COP(=S)(OC)Oc1cc(Cl)c(I)cc1Cl,-6.62,-6.148,1,413,0,1,4,27.69
4-Chlorotoluene,Cc1ccc(Cl)cc1,-3.08,-3.297,1,126.586,0,1,0,0
Metribuzin,CSc1nnc(c(=O)n1N)C(C)(C)C,-2.253,-2.324,1,214.294,1,1,1,73.8
Tricresyl phosphate,Cc1ccc(OP(=O)(Oc2cccc(C)c2)Oc3ccccc3C)cc1,-6.01,-6.39,1,368.369,0,3,6,44.76
Caproaldehyde,CCCCCC=O,-1.3,-1.457,1,100.161,0,0,4,17.07
Butamben,CCCCOC(=O)c1ccc(N)cc1,-3.082,-3.039,1,193.246,1,1,4,52.32
RTI 3,O2c1cc(C)ccc1N(C)C(=O)c3cc(N)cnc23 ,-3.043,-3.049,1,255.277,1,3,0,68.45
Nerol,CC(C)=CCC/C(C)=C\CO,-2.46,-2.603,1,154.253,1,0,4,20.23
"2,4'-PCB",Clc1ccc(cc1)c2ccccc2Cl ,-5.28,-5.142,1,223.102,0,2,1,0
3-Octanoyloxymethylphenytoin,O=C1N(COC(=O)CCCCCCC)C(=O)C(N1)(c2ccccc2)c3ccccc3,-6.523,-4.84,1,408.498,1,3,10,75.71
Nitroethane,CCN(=O)=O,-0.22,-0.462,1,75.067,0,0,1,43.14
Ethalfluralin,CCN(CC(C)=C)c1c(cc(cc1N(=O)=O)C(F)(F)F)N(=O)=O,-6.124,-5.063,1,333.266,0,1,6,89.52
"1,2,3,4-Tetrachlorobenzene",Clc1ccc(Cl)c(Cl)c1Cl,-4.57,-4.546,1,215.894,0,1,0,0
Meprobamate,CCCC(C)(COC(N)=O)COC(N)=O ,-1.807,-1.376,1,218.253,2,0,6,104.64
pregnenolone,CC(=O)C3CCC4C2CC=C1CC(O)CCC1(C)C2CCC34C ,-4.65,-4.342,1,316.485,1,4,1,37.3
Iodomethane,CI,-1,-1.646,1,141.939,0,0,0,0
cycloheximide,CC1CC(C)C(=O)C(C1)C(O)CC2CC(=O)NC(=O)C2 ,-1.13,-1.532,1,281.352,2,2,3,83.47
3-Heptanoyloxymethylphenytoin,O=C1N(COC(=O)CCCCCC)C(=O)C(N1)(c2ccccc2)c3ccccc3,-6.301,-4.496,1,394.471,1,3,9,75.71
isophorone,CC1=CC(=O)CC(C)(C)C1 ,-1.06,-2.015,1,138.21,0,1,0,17.07
Butabarbital,O=C1NC(=O)NC(=O)C1(CC)C(C)CC,-2.39,-1.958,1,212.249,2,1,3,75.27
5-Nonanone,CCCCC(=O)CCCC,-2.58,-2.329,1,142.242,0,0,6,17.07
Glutethimide,CCC1(CCC(=O)NC1=O)c2ccccc2 ,-2.337,-2.591,1,217.268,1,2,2,46.17
3-Methylpentane,CCC(C)CC,-3.68,-2.6,1,86.178,0,0,2,0
Etofenprox,CCOc1ccc(cc1)C(C)(C)COCc3cccc(Oc2ccccc2)c3,-8.6,-6.896,1,376.496,0,3,9,27.69
Methaqualone,Cc1ccccc1n3c(C)nc2ccccc2c3=O,-2.925,-3.881,1,250.301,0,3,1,34.89
Chloroacetonitrile,ClCC#N,-0.092,-0.448,1,75.498,0,0,0,23.79
Trichloronate,CCOP(=S)(CC)Oc1cc(Cl)c(Cl)cc1Cl,-5.752,-5.225,1,333.604,0,1,5,18.46
Ethisterone,CC12CCC(=O)C=C1CCC3C2CCC4(C)C3CCC4(O)C#C ,-5.66,-3.858,1,312.453,1,4,0,37.3
Pyridazine,c1ccnnc1,1.1,-0.619,2,80.09,0,1,0,25.78
"1,2,3,5-Tetrachlorobenzene",Clc1cc(Cl)c(Cl)c(Cl)c1,-4.63,-4.621,1,215.894,0,1,0,0
Diosgenin,C1C(O)CCC2(C)CC3CCC4(C)C5(C)CC6OCC(C)CC6OC5CC4C3C=C21,-7.32,-5.681,1,414.63,1,6,0,38.69
o-Aminophenol,Nc1ccccc1O,-0.72,-1.465,1,109.128,2,1,0,46.25
Ethyl nonanoate,CCCCCCCCC(=O)OCC,-3.8,-3.316,1,186.295,0,0,8,26.3
metalaxyl,COCC(=O)N(C(C)C(=O)OC)c1c(C)cccc1C ,-1.601,-2.87,1,279.336,0,1,5,55.84
Propoxur,CNC(=O)Oc1ccccc1OC(C)C,-2.05,-2.409,1,209.245,1,1,3,47.56
2-Chlorobutane,CCC(C)Cl,-1.96,-1.94,1,92.569,0,0,1,0
2-Napthol,Oc1ccc2ccccc2c1,-2.28,-3.08,1,144.173,1,2,0,20.23
Oxadiazon,CC(C)Oc1cc(c(Cl)cc1Cl)n2nc(oc2=O)C(C)(C)C,-5.696,-5.265,1,345.226,0,2,3,57.26
1-Hexyne ,CCCCC#C,-2.36,-1.801,1,82.146,0,0,2,0
1-Nonyne ,CCCCCCCC#C,-4.24,-2.864,1,124.227,0,0,5,0
2-Chlorotoluene,Cc1ccccc1Cl,-3.52,-3.297,1,126.586,0,1,0,0
Diisopropyl ether ,CC(C)OC(C)C,-1.1,-1.281,1,102.177,0,0,2,9.23
Dapsone,Nc1ccc(cc1)S(=O)(=O)c2ccc(N)cc2,-3.094,-2.464,1,248.307,2,2,2,86.18
Methyl hydrazine,CNN,1.34,0.543,1,46.073,2,0,0,38.05
Propyne,CC#C,-0.41,-0.672,1,40.065,0,0,0,0
Phoxim,CCOP(=S)(OCC)ON=C(C#N)c1ccccc1,-4.862,-4.557,1,298.304,0,1,7,63.84
Propetamphos,CCNP(=S)(OC)OC(=CC(=O)OC(C)C)C,-3.408,-2.826,1,281.314,1,0,7,56.79
Acrolein,C=CC=O,0.57,-0.184,1,56.064,0,0,1,17.07
Hypoxanthine,O=c1[nH]cnc2nc[nH]c12 ,-2.296,-0.656,1,136.114,2,2,0,74.43
6-hydroxyquinoline,Oc2ccc1ncccc1c2 ,-2.16,-2.725,1,145.161,1,2,0,33.12
Fluorobenzene,Fc1ccccc1,-1.8,-2.514,1,96.104,0,1,0,0
1-Chloropropane,CCCCl,-1.47,-1.585,1,78.542,0,0,1,0
Ethyl acetate,CCOC(=O)C,-0.04,-0.77,1,88.106,0,0,1,26.3
"2,2-Dimethylpentane",CCCC(C)(C)C,-4.36,-2.938,1,100.205,0,0,1,0
Pentamethylbenzene,Cc1cc(C)c(C)c(C)c1C,-4,-3.993,1,148.249,0,1,0,0
eucalyptol,CC12CCC(CC1)C(C)(C)O2 ,-1.64,-2.579,1,154.253,0,3,0,9.23
dibutyl sebacate,CCCCOC(=O)CCCCCCCCC(=O)OCCCC,-3.896,-4.726,1,314.466,0,0,15,52.6
"4,4'-PCB",Clc1ccc(cc1)c2ccc(Cl)cc2 ,-6.56,-5.299,1,223.102,0,2,1,0
"2,3-Dimethylpyridine",Cc1cccnc1C,0.38,-2.067,1,107.156,0,1,0,12.89
Carvone,CC(=C)C1CC=C(C)C(=O)C1,-2.06,-2.042,1,150.221,0,1,1,17.07
Carbophenthion,CCOP(=S)(OCC)SCSc1ccc(Cl)cc1,-5.736,-5.828,1,342.875,0,1,8,18.46
"Etoposide (148-167,25mg/ml)",COc1cc(cc(OC)c1O)C6C2C(COC2=O)C(OC4OC3COC(C)OC3C(O)C4O)c7cc5OCOc5cc67,-3.571,-3.292,1,588.562,3,7,5,160.83
Perylene,c1cc2cccc3c4cccc5cccc(c(c1)c23)c54,-8.804,-6.007,2,252.316,0,5,0,0
"2,4-Dinitrotoluene",Cc1ccc(cc1N(=O)=O)N(=O)=O,-2.82,-2.604,1,182.135,0,1,2,86.28
2-bromonaphthalene,c1c(Br)ccc2ccccc12 ,-4.4,-4.434,1,207.07,0,2,0,0
Formetanate,CNC(=O)Oc1cccc(N=CN(C)C)c1,-2.34,-1.846,1,221.26,1,1,3,53.93
6-methoxypteridine,COc2cnc1ncncc1n2,-1.139,-1.589,1,162.152,0,2,1,60.79
nevirapine,Cc3ccnc4N(C1CC1)c2ncccc2C(=O)Nc34 ,-3.19,-3.397,1,266.304,1,4,1,58.12
Isazofos,CCOP(=S)(OCC)Oc1nc(Cl)n(n1)C(C)C,-3.658,-3.76,1,313.747,0,1,7,58.4
"2-Methyl-1,3-Butadiene ",CC(=C)C=C,-2.03,-1.714,1,68.119,0,0,1,0
linalool,CC(C)=CCCC(O)(C)C=C,-1.99,-2.399,1,154.253,1,0,4,20.23
Fenthion,COP(=S)(OC)Oc1ccc(SC)c(C)c1,-4.57,-4.265,1,278.335,0,1,5,27.69
Cyclohexanol ,OC1CCCCC1,-0.44,-1.261,1,100.161,1,1,0,20.23
5-Allyl-5-methylbarbital,O=C1NC(=O)NC(=O)C1(C)CC=C,-1.16,-1.013,1,182.179,2,1,2,75.27
Epiandrosterone,CC34CCC1C(CCC2CC(O)CCC12C)C3CCC4=O,-4.16,-3.882,1,290.447,1,4,0,37.3
mannitol,OCC(O)C(O)C(O)C(O)CO ,0.06,0.647,1,182.172,6,0,5,121.38
4-Methylbiphenyl,Cc1ccc(cc1)c2ccccc2,-4.62,-4.424,1,168.239,0,2,1,0
Atrazine,CCNc1nc(Cl)nc(NC(C)C)n1,-3.85,-3.069,1,215.688,2,1,4,62.73
Phenylthiourea,NC(=S)Nc1ccccc1,-1.77,-1.701,1,152.222,2,1,1,38.05
4-Heptanone,CCCC(=O)CCC,-1.3,-1.62,1,114.188,0,0,4,17.07
"3,3-Dimethyl-2-butanone",CC(=O)C(C)(C)C,-0.72,-1.25,1,100.161,0,0,0,17.07
4-Chlorophenol ,Oc1ccc(Cl)cc1,-0.7,-2.761,1,128.558,1,1,0,20.23
Cyclohexanone,O=C1CCCCC1,-0.6,-0.996,1,98.145,0,1,0,17.07
m-Methylaniline,Cc1cccc(N)c1,-0.85,-1.954,1,107.156,1,1,0,26.02
Trichloroacetonitrile,ClC(Cl)(Cl)C#N,-2.168,-2.019,1,144.388,0,0,0,23.79
norflurazon,CNc2cnn(c1cccc(c1)C(F)(F)F)c(=O)c2Cl,-4.046,-4.029,1,303.671,1,2,2,46.92
2-Decanone,CCCCCCCCC(=O)C,-3.3,-2.617,1,156.269,0,0,7,17.07
Ipazine,CCN(CC)c1nc(Cl)nc(NC(C)C)n1,-3.785,-3.497,1,243.742,1,1,5,53.94
Benzocaine,CCOC(=O)c1ccc(N)cc1,-2.616,-2.383,1,165.192,1,1,2,52.32
"1,2,4-Trichlorobenzene",Clc1ccc(Cl)c(Cl)c1,-3.59,-4.083,1,181.449,0,1,0,0
Triazolam,Cc3nnc4CN=C(c1ccccc1Cl)c2cc(Cl)ccc2n34,-4.09,-3.948,1,343.217,0,4,1,43.07
"1,2-Benzenediol",Oc1ccccc1O,0.62,-1.635,1,110.112,2,1,0,40.46
Reverse Transcriptase inhibitor 1,CCN2c1ncccc1N(C)C(=O)c3cccnc23 ,-2.62,-2.794,1,254.293,0,3,1,49.33
Dimethyl sulfide,CSC,-0.45,-0.758,1,62.137,0,0,0,0
2-Bromotoluene,Cc1ccccc1Br,-2.23,-3.667,1,171.037,0,1,0,0
O-Ethyl carbamate,CCOC(=O)N,0.85,-0.218,1,89.094,1,0,1,52.32
megestrol acetate,CC(=O)OC3(CCC4C2C=C(C)C1=CC(=O)CCC1(C)C2CCC34C)C(C)=O ,-5.35,-4.417,1,384.516,0,4,2,60.44
"2,4-Dimethyl-3-pentanol",CC(C)C(O)C(C)C,-1.22,-1.647,1,116.204,1,0,2,20.23
Napthalene,c1ccc2ccccc2c1,-3.6,-3.468,2,128.174,0,2,0,0
N-Ethylaniline,CCNc1ccccc1,-1.7,-2.389,1,121.183,1,1,2,12.03
Phenytoin,O=C1NC(=O)C(N1)(c2ccccc2)c3ccccc3,-4.097,-3.057,1,252.273,2,3,2,58.2
"7,12-Dimethylbenz(a)anthracene",Cc1c2ccccc2c(C)c3ccc4ccccc4c13,-7.02,-6.297,1,256.348,0,4,0,0
Dialifor,CCOP(=S)(OCC)SC(CCl)N1C(=O)c2ccccc2C1=O,-6.34,-5.026,1,393.854,0,2,8,55.84
Methoxychlor,COc1ccc(cc1)C(c2ccc(OC)cc2)C(Cl)(Cl)Cl,-6.89,-5.538,1,345.653,0,2,4,18.46
TEFLUBENZURON,Fc1cccc(F)c1C(=O)NC(=O)Nc2cc(Cl)c(F)c(Cl)c2F ,-7.28,-5.462,1,381.112,2,2,2,58.2
3-Pentanoyloxymethylphenytoin,O=C1N(COC(=O)CCCC)C(=O)C(N1)(c2ccccc2)c3ccccc3,-4.678,-3.81,1,366.417,1,3,7,75.71
Monuron,CN(C)C(=O)Nc1ccc(Cl)cc1,-2.89,-2.671,1,198.653,1,1,1,32.34
Flutriafol,OC(Cn1cncn1)(c2ccc(F)cc2)c3ccccc3F,-3.37,-3.569,1,301.296,1,3,4,50.94
triamcinolone diacetate,CC(=O)OCC(=O)C3(O)C(CC4C2CCC1=CC(=O)C=CC1(C)C2(F)C(O)CC34C)OC(C)=O ,-4.13,-3.876,1,478.513,2,4,4,127.2
1-Bromobutane,CCCCBr,-2.37,-2.303,1,137.02,0,0,2,0
"1,2,4,5-Tetrabromobenzene",Brc1cc(Br)c(Br)cc1Br,-6.98,-6.001,1,393.698,0,1,0,0
4-Methyl-2-pentanone,CC(C)CC(=O)C,-0.74,-1.184,1,100.161,0,0,2,17.07
cycloate,CCSC(=O)N(CC)C1CCCCC1 ,-3.4,-3.35,1,215.362,0,1,3,20.31
4-Chloroanisole,COc1ccc(Cl)cc1,-2.78,-3.057,1,142.585,0,1,1,9.23
Deltamethrin,CC1(C)C(C=C(Br)Br)C1C(=O)OC(C#N)c2cccc(Oc3ccccc3)c2,-8.402,-7.44,1,505.206,0,3,6,59.32
Talbutal,CCC(C)C1(CC=C)C(=O)NC(=O)NC1=O,-2.016,-2.06,1,224.26,2,1,4,75.27
Fenitrothion,COP(=S)(OC)Oc1ccc(N(=O)=O)c(C)c1,-4.04,-3.845,1,277.238,0,1,5,70.83
1-Iodonapthalene,Ic1cccc2ccccc12,-4.55,-4.889,1,254.07,0,2,0,0
Sorbitol,OCC(O)C(O)C(O)C(O)CO,1.09,0.647,1,182.172,6,0,5,121.38
Ethanethiol,CCS,-0.6,-0.968,1,62.137,1,0,0,0
"1,1,2-Trichloroethane",ClCC(Cl)Cl,-1.48,-1.961,1,133.405,0,0,1,0
Pyrolan,CN(C)C(=O)Oc1cc(C)nn1c2ccccc2,-2.09,-3.141,1,245.282,0,2,2,47.36
o-Hydroxybenzamide,NC(=O)c1ccccc1O,-1.82,-1.942,1,137.138,2,1,1,63.32
o-Nitrotoluene,Cc1ccccc1N(=O)=O,-2.33,-2.589,1,137.138,0,1,1,43.14
"5,5-Diisopropylbarbital",O=C1NC(=O)NC(=O)C1(C(C)C)C(C)C,-2.766,-1.942,1,212.249,2,1,2,75.27
2-Ethyltoluene,CCc1ccccc1C,-3.21,-3.296,1,120.195,0,1,1,0
1-Chloroheptane,CCCCCCCCl,-4,-3.003,1,134.65,0,0,5,0
Barbital,O=C1NC(=O)NC(=O)C1(CC)CC,-2.4,-1.265,1,184.195,2,1,2,75.27
Bibenzyl ,C(Cc1ccccc1)c2ccccc2,-4.62,-4.301,2,182.266,0,2,3,0
"1,1,2,2-Tetrachloroethane",ClC(Cl)C(Cl)Cl,-1.74,-2.549,1,167.85,0,0,1,0
RTI 23,CCN2c1cc(OC)cc(C)c1NC(=O)c3cccnc23 ,-5.153,-4.228,1,283.331,1,3,2,54.46
2-Methylphenanthrene,Cc1ccc2c(ccc3ccccc32)c1,-5.84,-4.87,1,192.261,0,3,0,0
dibutylphthalate,CCCCOC(=O)c1ccccc1C(=O)OCCCC ,-4.4,-4.378,1,278.348,0,1,8,52.6
tetrachloroguaiacol,COc1c(O)c(Cl)c(Cl)c(Cl)c1Cl ,-4.02,-4.299,1,261.919,1,1,1,29.46
Dimecron,CCN(CC)C(=O)C(=CCOP(=O)(OC)OC)Cl,0.523,-2.426,1,299.691,0,0,8,65.07
Equilin,CC34CCC1C(=CCc2cc(O)ccc12)C3CCC4=O,-5.282,-3.555,1,268.356,1,4,0,37.3
Chlorimuron-ethyl (ph 7),CCOC(=O)c1ccccc1S(=O)(=O)NN(C=O)c2nc(Cl)cc(OC)n2,-4.576,-3.719,1,414.827,1,2,8,127.79
p-Nitroanisole,COc1ccc(cc1)N(=O)=O,-2.41,-2.522,1,153.137,0,1,2,52.37
1-Chlorohexane,CCCCCCCl,-3.12,-2.648,1,120.623,0,0,4,0
"2,2',3,3',4,4',5,5'-PCB",Clc1cc(c(Cl)c(Cl)c1Cl)c2cc(Cl)c(Cl)c(Cl)c2Cl,-9.16,-8.468,1,429.772,0,2,1,0
Raffinose,OCC1OC(CO)(OC2OC(COC3OC(CO)C(O)C(O)C3O)C(O)C(O)C2O)C(O)C1O,-0.41,0.496,1,504.438,11,3,8,268.68
hexacosane,CCCCCCCCCCCCCCCCCCCCCCCCCC,-8.334,-9.702,1,366.718,0,0,23,0
RTI 5,CCN2c1ccccc1N(C)C(=O)c3cccnc23 ,-3.324,-3.471,1,253.305,0,3,1,36.44
"1,1-Dichloroethane",CC(Cl)Cl,-1.29,-1.576,1,98.96,0,0,0,0
Sulfanilamide,Nc1ccc(cc1)S(N)(=O)=O,-1.34,-0.954,1,172.209,2,1,1,86.18
Isopropalin,CCCN(CCC)c1c(cc(cc1N(=O)=O)C(C)C)N(=O)=O,-6.49,-5.306,1,309.366,0,1,8,89.52
Lindane,ClC1C(Cl)C(Cl)C(Cl)C(Cl)C1Cl,-4.64,-4.009,1,290.832,0,1,0,0
Isofenphos,CCOP(=S)(NC(C)C)Oc1ccccc1C(=O)OC(C)C,-4.194,-4.538,1,345.401,1,1,8,56.79
"1,2,3-Trichlorobenzene",Clc1cccc(Cl)c1Cl,-4,-4.008,1,181.449,0,1,0,0
Tetrachloromethane,ClC(Cl)(Cl)Cl,-2.31,-2.607,1,153.823,0,0,0,0
"3,4-Dichloronitrobenzene",O=N(=O)c1cc(Cl)c(Cl)cc1,-3.2,-3.448,1,192.001,0,1,1,43.14
Cyclooctanol,OC1CCCCCCC1,-1.29,-2.14,1,128.215,1,1,0,20.23
17a-Methyltestosterone,CC1(O)CCC2C3CCC4=CC(=O)CCC4(C)C3CCC21C,-3.999,-4.073,1,302.458,1,4,0,37.3
Dulcin,CCOc1ccc(NC(N)=O)cc1,-2.17,-2.167,1,180.207,2,1,3,64.35
"trans-1,4-Dimethylcyclohexane",C/C1CCC(\C)CC1,-4.47,-3.305,1,112.216,0,1,0,0
"1,7-phenantroline",c1cnc2c(c1)ccc3ncccc23,-2.68,-2.994,2,180.21,0,3,0,25.78
Methyl t-butyl ether ,COC(C)(C)C,-0.24,-0.984,1,88.15,0,0,0,9.23
Anethole,COc1ccc(C=CC)cc1,-3.13,-3.254,1,148.205,0,1,2,9.23
1-Hexadecanol,CCCCCCCCCCCCCCCCO,-7,-4.94,1,242.447,1,0,14,20.23
uracil,O=c1cc[nH]c(=O)[nH]1 ,-1.488,-0.441,1,112.088,2,1,0,65.72
adenine,Nc1ncnc2nc[nH]c12 ,-2.12,-1.255,1,135.13,2,2,0,80.48
"2,2',3,4,5-PCB",Clc1cc(Cl)c(cc1Cl)c2cccc(Cl)c2Cl ,-7.21,-6.709,1,326.437,0,2,1,0
Ancymidol,COc1ccc(cc1)C(O)(C2CC2)c3cncnc3 ,-2.596,-2.181,1,256.305,1,3,4,55.24
Benzo(b)fluoranthene,c1ccc2c(c1)c3cccc4c3c2cc5ccccc54,-8.23,-6.007,2,252.316,0,5,0,0
Carbanilide,O=C(Nc1ccccc1)Nc2ccccc2,-3.15,-3.611,1,212.252,2,2,2,41.13
phenobarbital,CCC1(C(=O)NC(=O)NC1=O)c2ccccc2 ,-2.322,-2.272,1,232.239,2,2,2,75.27
"2',3,4-PCB",Clc1ccc(cc1)c2cccc(Cl)c2Cl ,-6.29,-5.686,1,257.547,0,2,1,0
Isoproturon,CC(C)c1ccc(NC(=O)N(C)C)cc1,-3.536,-2.867,1,206.289,1,1,2,32.34
Azintamide,CCN(CC)C(=O)CSc1ccc(Cl)nn1,-1.716,-2.231,1,259.762,0,1,5,46.09
"2,2-Dimethyl-1-butanol",CCC(C)(C)CO,-1.04,-1.365,1,102.177,1,0,2,20.23
Ethyl pentanoate,CCCOC(=O)CCC,-1.75,-1.899,1,130.187,0,0,4,26.3
"2,4,6-Trinitrotoluene",Cc1c(cc(cc1N(=O)=O)N(=O)=O)N(=O)=O,-3.22,-2.606,1,227.132,0,1,3,129.42
Bensulide,CC(C)OP(=S)(OC(C)C)SCCNS(=O)(=O)c1ccccc1,-4.2,-4.99,1,397.524,1,1,10,64.63
Cycloheptane,C1CCCCCC1,-3.51,-2.916,2,98.189,0,1,0,0
Propyl formate,CCCOC=O,-0.49,-0.757,1,88.106,0,0,3,26.3
2-Isopropyltoluene,CC(C)c1ccccc1C,-3.76,-3.585,1,134.222,0,1,1,0
m-Chloroaniline,Nc1cccc(Cl)c1,-1.37,-2.392,1,127.574,1,1,0,26.02
"2,4-Dimethylpentane",CC(C)CC(C)C,-4.26,-2.938,1,100.205,0,0,2,0
Dibenzofurane,o1c2ccccc2c3ccccc13,-4.6,-4.201,2,168.195,0,3,0,13.14
ethofumesate,CCOC2Oc1ccc(OS(C)(=O)=O)cc1C2(C)C,-3.42,-3.184,1,286.349,0,2,4,61.83
Fluometuron,CN(C)C(=O)Nc1cccc(c1)C(F)(F)F,-3.43,-3.065,1,232.205,1,1,1,32.34
Acridine,c3ccc2nc1ccccc1cc2c3,-3.67,-3.846,2,179.222,0,3,0,12.89
Cortisone,CC12CC(=O)C3C(CCC4=CC(=O)CCC34C)C2CCC1(O)C(=O)CO,-3.11,-2.893,1,360.45,2,4,2,91.67
glucose,OCC1OC(O)C(O)C(O)C1O,0.74,0.501,1,180.156,5,1,1,110.38
3-Methylphenol,Cc1cccc(O)c1,-0.68,-2.313,1,108.14,1,1,0,20.23
Indapamide,CC2Cc1ccccc1N2NC(=O)c3ccc(Cl)c(c3)S(N)(=O)=O ,-3.586,-4.345,1,365.842,2,3,3,92.5
Lovastatin,CCC(C)C(=O)OC2CC(C)C=C3C=CC(C)C(CCC1CC(O)CC(=O)O1)C23 ,-6.005,-4.731,1,404.547,1,3,6,72.83
"1,4-Dinitrobenzene",O=N(=O)c1ccc(cc1)N(=O)=O,-3.39,-2.281,1,168.108,0,1,2,86.28
Reposal,CCC1(C(=O)NC(=O)NC1=O)C2=CCC3CCC2C3,-2.696,-2.781,1,262.309,2,3,2,75.27
Ethyl decanoate,CCCCCCCCCC(=O)OCC,-4.1,-3.671,1,200.322,0,0,9,26.3
Fenuron,CN(C)C(=O)Nc1ccccc1,-1.6,-1.847,1,164.208,1,1,1,32.34
Ethyl propyl ether,CCCOCC,-0.66,-1.072,1,88.15,0,0,3,9.23
2-Propanol,CC(C)O,0.43,-0.261,1,60.096,1,0,0,20.23
2-Methylnapthalene,Cc1ccc2ccccc2c1,-3.77,-3.802,1,142.201,0,2,0,0
Chlorodibromethane,ClC(Br)Br,-1.9,-2.54,1,208.28,0,0,0,0
Hexestrol,CCC(C(CC)c1ccc(O)cc1)c2ccc(O)cc2,-4.43,-4.854,1,270.372,2,2,5,40.46
Malathion,CCOC(=O)CC(SP(=S)(OC)OC)C(=O)OCC,-3.37,-3.391,1,330.364,0,0,9,71.06
Benzylchloride,ClCc1ccccc1,-2.39,-2.887,1,126.586,0,1,1,0
t-Crotonaldehyde,C/C=C/C=O,0.32,-0.604,1,70.091,0,0,1,17.07
Chlorbromuron,CON(C)C(=O)Nc1ccc(Br)c(Cl)c1,-3.924,-3.938,1,293.548,1,1,2,41.57
"9,10-Dimethylanthracene",Cc1c2ccccc2c(C)c3ccccc13,-6.57,-5.228,1,206.288,0,3,0,0
Methyl hexanoate,CCCCCC(=O)OC,-1.87,-1.899,1,130.187,0,0,4,26.3
Dimefuron,CN(C)C(=O)Nc1ccc(c(Cl)c1)n2nc(oc2=O)C(C)(C)C,-4.328,-3.831,1,338.795,1,2,2,80.37
p-Fluoroacetanilide,CC(=O)Nc1ccc(F)cc1,-1.78,-2.181,1,153.156,1,1,1,29.1
alachlor,CCc1cccc(CC)c1N(COC)C(=O)CCl ,-3.26,-3.319,1,269.772,0,1,6,29.54
Cyclohexene,C1CCC=CC1,-2.59,-2.16,2,82.146,0,1,0,0
Hydrocortisone ,CC12CC(O)C3C(CCC4=CC(=O)CCC34C)C2CCC1(O)C(=O)CO,-3.09,-3.159,1,362.466,3,4,2,94.83
Pyrimidine,c1cncnc1,1.1,-0.884,2,80.09,0,1,0,25.78
p-Chloronitrobenzene,Clc1ccc(cc1)N(=O)=O,-2.92,-2.901,1,157.556,0,1,1,43.14
Methyl propionate,CCC(=O)OC,-0.14,-0.836,1,88.106,0,0,1,26.3
o-Chloronitrobenzene,Clc1ccccc1N(=O)=O,-2.55,-2.775,1,157.556,0,1,1,43.14
Neburon,CCCCN(C)C(=O)Nc1ccc(Cl)c(Cl)c1,-4.77,-4.157,1,275.179,1,1,4,32.34
Buthidazole,CN1CC(O)N(C1=O)c2nnc(s2)C(C)(C)C,-1.877,-2.398,1,256.331,1,2,1,69.56
Nitrobenzene,O=N(=O)c1ccccc1,-1.8,-2.288,1,123.111,0,1,1,43.14
Iodobenzene,Ic1ccccc1,-3.01,-3.8,1,204.01,0,1,0,0
Metolazone,CC2Nc1cc(Cl)c(cc1C(=O)N2c3ccccc3C)S(N)(=O)=O ,-3.78,-3.777,1,365.842,2,3,2,92.5
Methocarbamol,COc1ccccc1OCC(O)COC(N)=O,-0.985,-1.428,1,241.243,2,1,6,91.01
butachlor,CCCCOCN(C(=O)CCl)c1c(CC)cccc1CC ,-4.19,-4.347,1,311.853,0,1,9,29.54
"2,3-Dichlorophenol",Oc1cccc(Cl)c1Cl,-1.3,-3.144,1,163.003,1,1,0,20.23
Propyl butyrate,CCCC(=O)OC,-1.92,-1.191,1,102.133,0,0,2,26.3
Propanil,CCC(=O)Nc1ccc(Cl)c(Cl)c1,-3,-3.644,1,218.083,1,1,2,29.1
Triamterene,Nc3nc(N)c2nc(c1ccccc1)c(N)nc2n3,-2.404,-3.051,1,253.269,3,3,1,129.62
Ethyl hexanoate,CCCCCC(=O)OCC,-2.35,-2.254,1,144.214,0,0,5,26.3
chloralose,OCC(O)C2OC1OC(OC1C2O)C(Cl)(Cl)Cl ,-1.84,-1.887,1,309.529,3,2,2,88.38
Amitraz,CN(C=Nc1ccc(C)cc1C)C=Nc2ccc(C)cc2C,-5.47,-5.533,1,293.414,0,2,4,27.96
Prometon,COc1nc(NC(C)C)nc(NC(C)C)n1,-2.478,-3.448,1,225.296,2,1,5,71.96
1-Octene ,CCCCCCC=C,-4.44,-3.073,1,112.216,0,0,5,0
p-Methylaniline ,Cc1ccc(N)cc1,-1.21,-1.954,1,107.156,1,1,0,26.02
aminothiazole,Nc1nccs1 ,-0.36,-1.226,1,100.146,1,1,0,38.91
Metolcarb,c1ccccc1(OC(=O)NC),-1.803,-1.947,1,151.165,1,1,1,38.33
3-Hexanol,CCCC(O)CC,-0.8,-1.324,1,102.177,1,0,3,20.23
9-anthrol,c3ccc2c(O)c1ccccc1cc2c3 ,-4.73,-4.148,1,194.233,1,3,0,20.23
2-Methylanthracene,Cc1ccc2cc3ccccc3cc2c1,-6.96,-4.87,1,192.261,0,3,0,0
"1,2,3-Trimethylbenzene ",Cc1cccc(C)c1C,-3.2,-3.312,1,120.195,0,1,0,0
Aminocarb,CNC(=O)Oc1ccc(N(C)C)c(C)c1,-2.36,-2.677,1,208.261,1,1,2,41.57
2-Nonanol,CCCCCCCC(C)O,-2.74,-2.387,1,144.258,1,0,6,20.23
Methyldymron,CN(C(=O)NC(C)(C)c1ccccc1)c2ccccc2,-3.35,-3.863,1,268.36,1,2,3,32.34
3-Hexanone,CCCC(=O)CC,-0.83,-1.266,1,100.161,0,0,3,17.07
bromoxynil,Oc1c(Br)cc(C#N)cc1Br ,-3.33,-3.793,1,276.915,1,1,0,44.02
"3,4-PCB",Clc1ccc(cc1Cl)c2ccccc2 ,-6.39,-5.223,1,223.102,0,2,1,0
Mefenacet,CN(C(=O)COc1nc2ccccc2s1)c3ccccc3,-4.873,-4.504,1,298.367,0,3,4,42.43
5-hydroxyquinoline,Oc1cccc2ncccc12 ,-2.54,-2.725,1,145.161,1,2,0,33.12
Carboxin,CC1=C(SCCO1)C(=O)Nc2ccccc2,-3.14,-2.927,1,235.308,1,2,2,38.33
Ethoxyzolamide,CCOc2ccc1nc(sc1c2)S(N)(=O)=O ,-3.81,-3.085,1,258.324,1,2,3,82.28
Pentachlorophenol,Oc1c(Cl)c(Cl)c(Cl)c(Cl)c1Cl,-4.28,-4.835,1,266.338,1,1,0,20.23
Bromochloromethane,ClCBr,-0.89,-1.519,1,129.384,0,0,0,0
metharbital,CCC1(CC)C(=O)NC(=O)N(C)C1=O ,-2.23,-1.658,1,198.222,1,1,2,66.48
deoxycorticosterone acetate,CC(=O)OCC(=O)C3CCC4C2CCC1=CC(=O)CCC1(C)C2CCC34C ,-4.63,-4.472,1,372.505,0,4,3,60.44
benzylurea,NC(=O)NCc1ccccc1 ,-0.95,-1.509,1,150.181,2,1,2,55.12
Chlortoluron,CN(C)C(=O)Nc1ccc(C)c(Cl)c1,-3.483,-3.048,1,212.68,1,1,1,32.34
Linuron,CON(C)C(=O)Nc1ccc(Cl)c(Cl)c1,-3.592,-3.581,1,249.097,1,1,2,41.57
Cycloheptanol,OC1CCCCCC1,-0.88,-1.7,1,114.188,1,1,0,20.23
Thiamphenicol,CS(=O)(=O)c1ccc(cc1)C(O)C(CO)NC(=O)C(Cl)Cl ,-2.154,-1.936,1,356.227,3,1,6,103.7
thiopental,CCCC(C)C1(CC)C(=O)NC(=S)NC1=O ,-3.36,-2.96,1,242.344,2,1,4,58.2
acetazolamide,CC(=O)Nc1nnc(s1)S(N)(=O)=O ,-2.36,-0.793,1,222.251,2,1,2,115.04
p-Nitrophenol,Oc1ccc(cc1)N(=O)=O,-0.74,-2.318,1,139.11,1,1,1,63.37
Aldrin,ClC1=C(Cl)C2(Cl)C3C4CC(C=C4)C3C1(Cl)C2(Cl)Cl,-6.307,-5.511,1,364.914,0,4,0,0
Tetrahydrofurane ,C1CCOC1,0.49,-0.62,2,72.107,0,1,0,9.23
o-Nitroaniline,Nc1ccccc1N(=O)=O,-1.96,-2.277,1,138.126,1,1,1,69.16
"2,2',3,3'-PCB",Clc1cccc(c1Cl)c2cccc(Cl)c2Cl,-7.28,-6.079,1,291.992,0,2,1,0
phenylbutazone,CCCCC1C(=O)N(N(C1=O)c2ccccc2)c3ccccc3 ,-3.81,-4.076,1,308.381,0,3,5,40.62
"2,6-Dinitrotoluene",Cc1c(cccc1N(=O)=O)N(=O)=O,-3,-2.553,1,182.135,0,1,2,86.28
Progesterone,CC(=O)C1CCC2C3CCC4=CC(=O)CCC4(C)C3CCC12C,-4.42,-4.17,1,314.469,0,4,1,34.14
Chlorazine,CCN(CC)c1nc(Cl)nc(n1)N(CC)CC,-4.411,-3.663,1,257.769,0,1,6,45.15
captafol,ClC(Cl)C(Cl)(Cl)SN2C(=O)C1CC=CCC1C2=O ,-5.4,-4.365,1,349.066,0,2,3,37.38
"1,2,4-tribromobenzene",c1(Br)c(Br)cc(Br)cc1,-4.5,-5.144,1,314.802,0,1,0,0
Oxazepam,OC3N=C(c1ccccc1)c2cc(Cl)ccc2NC3=O ,-3.952,-3.517,1,286.718,2,3,1,61.69
Secobarbital,O=C1NC(=O)NC(=O)C1(C(C)CCC)CC=C,-2.356,-2.415,1,238.287,2,1,5,75.27
Carvacrol,c1(O)c(C)ccc(C(C)C)c1,-2.08,-3.224,1,150.221,1,1,1,20.23
rhodanine,C1SC(=S)NC1(=O),-1.77,-0.396,1,133.197,1,1,0,29.1
Morin,Oc1ccc(c(O)c1)c3oc2cc(O)cc(O)c2c(=O)c3O ,-3.083,-2.731,1,302.238,5,3,1,131.36
Kepone,ClC1(C(=O)C2(Cl)C3(Cl)C14Cl)C5(Cl)C2(Cl)C3(Cl)C(Cl)(Cl)C45Cl,-5.259,-5.112,1,490.639,0,6,0,17.07
Disulfiram,CCN(CC)C(=S)SSC(=S)N(CC)CC,-4.86,-3.862,1,296.552,0,0,4,6.48
Cyclohexane,C1CCCCC1,-3.1,-2.477,2,84.162,0,1,0,0
Dienochlor,ClC1=C(Cl)C(Cl)(C(=C1Cl)Cl)C2(Cl)C(=C(Cl)C(=C2Cl)Cl)Cl,-7.278,-7.848,1,474.64,0,2,1,0
chlordimeform,CN(C)C=Nc1ccc(Cl)cc1C,-2.86,-3.164,1,196.681,0,1,2,15.6
Equilenin,CC34CCc1c(ccc2cc(O)ccc12)C3CCC4=O,-5.24,-3.927,1,266.34,1,4,0,37.3
1-Octanol,CCCCCCCCO,-2.39,-2.105,1,130.231,1,0,6,20.23
Diethyl sulfide,CCSCC,-1.34,-1.598,1,90.191,0,0,2,0
"1,2-Dichloroethane",ClCCCl,-1.06,-1.374,1,98.96,0,0,1,0
2-Chloro-2-methylbutane,CCC(C)(C)Cl,-2.51,-2.278,1,106.596,0,0,1,0
1-Chloro-2-bromoethane,ClCCBr,-1.32,-1.738,1,143.411,0,0,1,0
p-Nitroaniline,Nc1ccc(cc1)N(=O)=O,-2.37,-1.936,1,138.126,1,1,1,69.16
Lactose,OCC1OC(OC2C(O)C(O)C(O)OC2CO)C(O)C(O)C1O,-0.244,1.071,1,342.297,8,2,4,189.53
RTI 2,CCN2c1ncccc1N(CC)C(=O)c3cccnc23 ,-2.86,-3.125,1,268.32,0,3,2,49.33
Chlorobenzene,Clc1ccccc1,-2.38,-2.975,1,112.559,0,1,0,0
1-Nonene ,CCCCCCCC=C,-5.05,-3.427,1,126.243,0,0,6,0
p-Bromoiodobenzene,Brc1ccc(I)cc1,-4.56,-4.754,1,282.906,0,1,0,0
3-Methyl-3-pentanol,CCC(C)(O)CC,-0.36,-1.308,1,102.177,1,0,2,20.23
Pentylbenzene,CCCCCc1ccccc1,-4.64,-3.899,1,148.249,0,1,4,0
allantoin,NC(=O)NC1NC(=O)NC1=O ,-1.6,0.652,1,158.117,4,1,1,113.32
Glafenine,OCC(O)COC(=O)c1ccccc1Nc2ccnc3cc(Cl)ccc23,-4.571,-5.052,1,372.808,3,3,6,91.68
DDD,ClC(Cl)C(c1ccc(Cl)cc1)c2ccc(Cl)cc2,-7.2,-6.008,1,320.046,0,2,3,0
testosterone acetate,CC(=O)OC3CCC4C2CCC1=CC(=O)CCC1(C)C2CCC34C ,-5.184,-4.449,1,330.468,0,4,1,43.37
1-Chloronapthalene,Clc1cccc2ccccc12,-3.93,-4.063,1,162.619,0,2,0,0
RTI 19,CCN2c1ccccc1N(C)C(=O)c3ccccc23 ,-4.749,-4.007,1,252.317,0,3,1,23.55
2-Hexanol,CCCCC(C)O,-0.89,-1.324,1,102.177,1,0,3,20.23
Propylcyclopentane,CCCC1CCCC1,-4.74,-3.16,1,112.216,0,1,2,0
Etomidate,CCOC(=O)c1cncn1C(C)c2ccccc2,-4.735,-3.359,1,244.294,0,2,4,44.12
"3,4-Dichlorophenol",Oc1ccc(Cl)c(Cl)c1,-1.25,-3.352,1,163.003,1,1,0,20.23
Cypermethrin,CC1(C)C(C=C(Cl)Cl)C1C(=O)OC(C#N)c2cccc(Oc3ccccc3)c2,-8.017,-6.775,1,416.304,0,3,6,59.32
Benzoxazole,c2ccc1ocnc1c2,-1.16,-2.214,2,119.123,0,2,0,26.03
1-Pentanol,CCCCCO,-0.6,-1.042,1,88.15,1,0,3,20.23
"N,N-Diethylaniline",CCN(CC)c1ccccc1,-3.03,-3.16,1,149.237,0,1,3,3.24
"1,3-Difluorobenzene",Fc1cccc(F)c1,-2,-2.636,1,114.094,0,1,0,0
3-chloropropionitrile,ClCCC#N ,-0.29,-0.522,1,89.525,0,0,1,23.79
t-Pentylbenzene,CC(C)(C)Cc1ccccc1,-4.15,-3.867,1,148.249,0,1,1,0
5-Ethyl-5-phenylbarbital,O=C1NC(=O)NC(=O)C1(CC)c1ccccc1,-2.322,-2.272,1,232.239,2,2,2,75.27
o-Chloroiodobenzene,Clc1ccccc1I,-3.54,-4.384,1,238.455,0,1,0,0
Benzotriazole,c2ccc1[nH]nnc1c2,-0.78,-2.21,2,119.127,1,2,0,41.57
Carbofuran,CNC(=O)Oc1cccc2CC(C)(C)Oc12,-2.8,-3.05,1,221.256,1,2,1,47.56
"2,6-Dimethylphenol",Cc1cccc(C)c1O,-1.29,-2.589,1,122.167,1,1,0,20.23
3-Methyl-2-butanol,CC(C)C(C)O,-0.18,-0.954,1,88.15,1,0,1,20.23
benzhydrol,c1ccccc1C(O)c2ccccc2,-2.55,-3.033,1,184.238,1,2,2,20.23
Methyl decanoate,CCCCCCCCCC(=O)OC,-4.69,-3.316,1,186.295,0,0,8,26.3
Dicapthon,COP(=S)(OC)Oc1ccc(cc1Cl)N(=O)=O,-4.31,-4.188,1,297.656,0,1,5,70.83
1-Bromo-2-methylpropane,CC(C)CBr,-2.43,-2.288,1,137.02,0,0,1,0
Iodoethane,CCI,-1.6,-2.066,1,155.966,0,0,0,0
Pirimicarb,CN(C)C(=O)Oc1nc(nc(C)c1C)N(C)C,-1.95,-2.34,1,238.291,0,1,2,58.56
1-Bromohexane,CCCCCCBr,-3.81,-3.012,1,165.074,0,0,4,0
2-Methylpentane,CCCC(C)C,-3.74,-2.6,1,86.178,0,0,2,0
Tetrafluthrin,Cc1c(F)c(F)c(COC(=O)C2C(C=C(Cl)C(F)(F)F)C2(C)C)c(F)c1F,-7.321,-6.339,1,418.736,0,2,4,26.3
Metolachlor,CCc1cccc(C)c1N(C(C)COC)C(=O)CCl ,-2.73,-3.431,1,283.799,0,1,6,29.54
nifuroxime,ON=Cc1ccc(o1)N(=O)=O ,-2.19,-1.843,1,156.097,1,1,2,88.87
Fluvalinate,CC(C)C(Nc1ccc(cc1Cl)C(F)(F)F)C(=O)OC(C#N)c2cccc(Oc3ccccc3)c2,-8.003,-8.057,1,502.92,1,3,8,71.35
Amitrole,Nc1nc[nH]n1,0.522,-0.674,1,84.082,2,1,0,67.59
Tribromomethane,BrC(Br)Br,-1.91,-2.904,1,252.731,0,0,0,0
Trichlorfon,COP(=O)(OC)C(O)C(Cl)(Cl)Cl,-0.22,-1.866,1,257.437,1,0,3,55.76
Phosalone,CCOP(=S)(OCC)SCn1c(=O)oc2cc(Cl)ccc12,-5.233,-5.024,1,367.816,0,2,7,53.6
Phenylmethanol,OCc1ccccc1,-0.4,-1.699,1,108.14,1,1,1,20.23
Coumatetralyl,O=c2c(C3CCCc4ccccc43)c(O)c1ccccc1o2 ,-2.84,-5.194,1,292.334,1,4,1,50.44
4-Bromophenol,Oc1ccc(Br)cc1,-1.09,-3.132,1,173.009,1,1,0,20.23
2-Bromopropane,CC(C)Br,-1.59,-1.949,1,122.993,0,0,0,0
"2,2,4-Trimethylpentane",CC(C)CC(C)(C)C,-4.74,-3.276,1,114.232,0,0,1,0
"1,3,5-Trinitrobenzene",O=N(=O)c1cc(cc(c1)N(=O)=O)N(=O)=O,-2.89,-2.324,1,213.105,0,1,3,129.42
Nimetazepam,CN2C(=O)CN=C(c1ccccc1)c3cc(ccc23)N(=O)=O,-3.796,-3.557,1,295.298,0,3,2,75.81
Propane,CCC,-1.94,-1.553,1,44.097,0,0,0,0
Minoxidil,Nc1cc(nc(N)n1=O)N2CCCCC2 ,-1.989,-1.809,1,209.253,2,2,1,95.11
1-aminoacridine,Nc2cccc3nc1ccccc1cc23 ,-4.22,-3.542,1,194.237,1,3,0,38.91
Benzo(k)fluoranthene,c1ccc2cc3c4cccc5cccc(c3cc2c1)c45,-8.49,-6.007,2,252.316,0,5,0,0
Dicofol,OC(c1ccc(Cl)cc1)(c2ccc(Cl)cc2)C(Cl)(Cl)Cl,-5.666,-6.268,1,370.49,1,2,2,20.23
Acenapthene,C1Cc2cccc3cccc1c23,-4.63,-3.792,2,154.212,0,3,0,0
Dialifos,CCOP(=S)(OCC)SC(CCl)N2C(=O)c1ccccc1C2=O,-6.34,-5.026,1,393.854,0,2,8,55.84
"1,4-Dibromobenzene",Brc1ccc(Br)cc1,-4.07,-4.298,1,235.906,0,1,0,0
Methazole,Cn2c(=O)on(c1ccc(Cl)c(Cl)c1)c2=O,-2.82,-3.601,1,261.064,0,2,1,57.14
p-Phenylphenol,Oc1ccc(cc1)c2ccccc2,-3.48,-3.701,1,170.211,1,2,1,20.23
pyracarbolid,CC1=C(CCCO1)C(=O)Nc2ccccc2 ,-2.56,-2.83,1,217.268,1,2,2,38.33
Ethyl vinyl ether,CCOC=C,-0.85,-0.857,1,72.107,0,0,2,9.23
1-Butyne,CCC#C,-1.24,-1.092,1,54.092,0,0,0,0
4-methoxypteridine,COc1ncnc2nccnc12 ,-1.11,-1.589,1,162.152,0,2,1,60.79
3-Methyl-3-heptanol,CCCCC(C)(O)CC,-1.6,-2.017,1,130.231,1,0,4,20.23
"1,4-Dichlorobenzene",Clc1ccc(Cl)cc1,-3.27,-3.558,1,147.004,0,1,0,0
3-Ethanoyloxymethylphenytoin,O=C1N(COC(=O)C)C(=O)C(N1)(c2ccccc2)c3ccccc3,-4.47,-2.723,1,324.336,1,3,4,75.71
"Sparsomycin (3,8mg/ml)",CSCS(=O)CC(CO)NC(=O)C=Cc1c(C)[nH]c(=O)[nH]c1=O,-1.981,-1.57,1,361.445,4,1,8,132.12
3-methylindole,Cc1c[nH]c2ccccc12 ,-2.42,-2.981,1,131.178,1,2,0,15.79
2-methoxypteridine,COc2ncc1nccnc1n2,-1.11,-1.589,1,162.152,0,2,1,60.79
Dioxacarb,CNC(=O)Oc1ccccc1C2OCCO2,-1.57,-1.614,1,223.228,1,2,2,56.79
isocarbamid,C1N(C(=O)NCC(C)C)C(=O)NC1,-2.15,-1.508,1,185.227,2,1,2,61.44
Acetonitrile,CC#N,0.26,0.152,1,41.053,0,0,0,23.79
Fenoxycarb,CCOC(=O)NCCOc2ccc(Oc1ccccc1)cc2,-4.7,-4.662,1,301.342,1,2,7,56.79
acetyl sulfisoxazole,CC(=O)N(S(=O)c1ccc(N)cc1)c2onc(C)c2C ,-3.59,-2.024,1,293.348,1,2,3,89.43
"1,1,1,2-Tetrachloroethane",ClCC(Cl)(Cl)Cl,-2.18,-2.794,1,167.85,0,0,0,0
1-Butanol,CCCCO,0,-0.688,1,74.123,1,0,2,20.23
Siduron,CC1CCCCC1NC(=O)Nc2ccccc2,-4.11,-3.779,1,232.327,2,2,2,41.13
"1,3,5-Trichlorobenzene",Clc1cc(Cl)cc(Cl)c1,-4.48,-4.159,1,181.449,0,1,0,0
Furfural,O=Cc1ccco1,-0.1,-1.391,1,96.085,0,1,1,30.21
3-Methylbutan-1-ol,CC(C)CCO,-0.51,-1.027,1,88.15,1,0,2,20.23
piperonal,O=Cc2ccc1OCOc1c2 ,-1.63,-2.033,1,150.133,0,2,1,35.53
2-Methylpropene,CC(=C)C,-2.33,-1.573,1,56.108,0,0,0,0
Benzaldehyde,O=Cc1ccccc1,-1.19,-1.999,1,106.124,0,1,1,17.07
"2,3-Dimethyl-1,3-Butadiene",CC(=C)C(=C)C,-2.4,-2.052,1,82.146,0,0,1,0
Benfuracarb,CCOC(=O)CCN(SN(C)C(=O)Oc1cccc2CC(C)(C)Oc21)C(C)C,-4.71,-5.133,1,410.536,0,2,8,68.31
RTI 10,O2c1ccccc1N(C)C(=O)c3cccnc23 ,-3.672,-2.771,1,226.235,0,3,0,42.43
Fluorene ,C1c2ccccc2c3ccccc13,-5,-4.125,2,166.223,0,3,0,0
Methylcyclohexane ,CC1CCCCC1,-3.85,-2.891,1,98.189,0,1,0,0
sulfaguanidine,NC(=N)NS(=O)(=O)c1ccc(N)cc1 ,-1.99,-0.706,1,214.25,4,1,2,122.06
Methylparaben,COC(=O)c1ccc(O)cc1,-1.827,-2.441,1,152.149,1,1,1,46.53
2-Methyltetrahydrofurane,CC1CCCO1,0.11,-1.034,1,86.134,0,1,0,9.23
Santonin,CC3C2CCC1(C)C=CC(=O)C(=C1C2OC3=O)C,-3.09,-2.43,1,246.306,0,3,0,43.37
Salicin,OCC2OC(Oc1ccccc1CO)C(O)C(O)C2O,-0.85,-0.975,1,286.28,5,2,4,119.61
1-Iodopropane,CCCI,-2.29,-2.486,1,169.993,0,0,1,0
Ametryn,CCNc1nc(NC(C)C)nc(SC)n1,-3.04,-3.43,1,227.337,2,1,5,62.73
1-Propanol,CCCO,0.62,-0.334,1,60.096,1,0,1,20.23
Hydroxyprogesterone-17a,CC(=O)C1(O)CCC2C3CCC4=CC(=O)CCC4(C)C3CCC21C,-3.817,-3.876,1,330.468,1,4,1,54.37
2-Pentanol,CCCC(C)O,-0.29,-0.97,1,88.15,1,0,2,20.23
benzoin,OC(C(=O)c1ccccc1)c2ccccc2,-2.85,-3.148,1,212.248,1,2,3,37.3
"2,4-Dimethylphenol",Cc1ccc(O)c(C)c1,-1.19,-2.621,1,122.167,1,1,0,20.23
m-Chloronitrobenzene ,Clc1cccc(c1)N(=O)=O,-2.77,-2.901,1,157.556,0,1,1,43.14
ampyrone,Cc2c(N)c(=O)n(c1ccccc1)n2C,-0.624,-1.192,1,203.245,1,2,1,52.95
"2,2',4,5'-PCB",Clc1ccc(c(Cl)c1)c2cc(Cl)ccc2Cl ,-6.57,-6.23,1,291.992,0,2,1,0
"Hexachloro-1,3-butadiene",ClC(=C(Cl)C(=C(Cl)Cl)Cl)Cl,-4.92,-4.546,1,260.762,0,0,1,0
Terbutryn,CCNc1nc(NC(C)(C)C)nc(SC)n1,-4,-3.75,1,241.364,2,1,4,62.73
3-Methyl-2-pentanol,CCC(C)CCO,-0.71,-1.308,1,102.177,1,0,3,20.23
2-methylpteridine,Cc2ncc1nccnc1n2,-0.12,-1.24,1,146.153,0,2,0,51.56
Danazol,CC23Cc1cnoc1C=C2CCC4C3CCC5(C)C4CCC5(O)C#C,-5.507,-4.557,1,337.463,1,5,0,46.26
1-Iodobutane,CCCCI,-2.96,-2.841,1,184.02,0,0,2,0
2-Bromonapthalene,Brc1ccc2ccccc2c1,-4.4,-4.434,1,207.07,0,2,0,0
"Digoxin (L1=41,8mg/mL, L2=68,2mg/mL, Z=40,1mg/mL)",CC1OC(CC(O)C1O)OC2C(O)CC(OC2C)OC8C(O)CC(OC7CCC3(C)C(CCC4C3CC(O)C5(C)C(CCC45O)C6=CC(=O)OC6)C7)OC8C ,-4.081,-5.312,1,780.949,6,8,7,203.06
Benzyltrifluoride,FC(F)(F)c1ccccc1,-2.51,-3.099,1,146.111,0,1,0,0
Dihexyl phthalate,CCCCCCOC(=O)c1ccccc1C(=O)OCCCCCC,-6.144,-5.758,1,334.456,0,1,12,52.6
Dibenzothiophene,c1ccc2c(c1)sc3ccccc23,-4.38,-4.597,2,184.263,0,3,0,0
"2,3',4,4'-PCB",Clc1ccc(c(Cl)c1)c2ccc(Cl)c(Cl)c2Cl ,-7.8,-6.709,1,326.437,0,2,1,0
"2,2',3,3',4,4'-PCB",Clc1ccc(c(Cl)c1Cl)c2ccc(Cl)c(Cl)c2Cl ,-8.01,-7.192,1,360.882,0,2,1,0
Warfarin,CC(=O)CC(c1ccccc1)c3c(O)c2ccccc2oc3=O ,-3.893,-3.913,1,308.333,1,3,4,67.51
hydrobenzoin,c1ccccc1C(O)C(O)c2ccccc2,-1.93,-2.645,1,214.264,2,2,3,40.46
Dimethyl phthalate,COC(=O)c1ccccc1C(=O)OC,-1.66,-2.347,1,194.186,0,1,2,52.6
Ethyl octanoate,CCCCCCCC(=O)OCC,-3.39,-2.962,1,172.268,0,0,7,26.3
Diethyldisulfide,CCSSCC,-2.42,-2.364,1,122.258,0,0,3,0
"1,2-Diethoxyethane ",CCOCCOCC,-0.77,-0.833,1,118.176,0,0,5,18.46
"1,2,4,5-Tetrachlorobenzene",Clc1cc(Cl)c(Cl)cc1Cl,-5.56,-4.621,1,215.894,0,1,0,0
p-benzidine,Nc1ccc(cc1)c2ccc(N)cc2,-2.7,-2.613,1,184.242,2,2,1,52.04
1-Heptene,CCCCCC=C,-3.73,-2.718,1,98.189,0,0,4,0
Ethirimol,CCCCc1c(C)nc(NCC)[nH]c1=O,-3.028,-2.732,1,209.293,2,1,5,57.78
Pentobarbital,O=C1NC(=O)NC(=O)C1(CC)C(C)CCC,-2.39,-2.312,1,226.276,2,1,4,75.27
o-Chloroaniline,Nc1ccccc1Cl,-1.52,-2.392,1,127.574,1,1,0,26.02
3-Chloroanisole,COc1cccc(Cl)c1,-2.78,-3.057,1,142.585,0,1,1,9.23
Pebulate,CCCCN(CC)C(=O)SCCC,-3.53,-3.131,1,203.351,0,0,6,20.31
Butyl acetate,CCCCOC=O,-1.37,-1.111,1,102.133,0,0,4,26.3
Prednisolone,CC12CC(O)C3C(CCC4=CC(=O)C=CC34C)C2CCC1(O)C(=O)CO,-3.18,-2.974,1,360.45,3,4,2,94.83
Bromodichloromethane,BrC(Cl)Cl,-1.54,-2.176,1,163.829,0,0,0,0
adrenosterone,CC34CC(=O)C1C(CCC2=CC(=O)CCC12C)C3CCC4(=O) ,-3.48,-2.99,1,300.398,0,4,0,51.21
p-terphenyl,c1ccc(cc1)c2ccc(cc2)c3ccccc3,-7.11,-5.741,2,230.31,0,3,2,0
p-Hydroxybenzaldehyde ,Oc1ccc(C=O)cc1,-0.96,-2.003,1,122.123,1,1,1,37.3
Bromomethane,CBr,-0.79,-1.109,1,94.939,0,0,0,0
Perfluidone,Cc1cc(ccc1NS(=O)(=O)C(F)(F)F)S(=O)(=O)c2ccccc2,-3.8,-4.945,1,379.381,1,2,4,80.31
Coumachlor,CC(=O)CC(c1ccc(Cl)cc1)c2c(O)c3ccccc3oc2=O,-5.839,-4.554,1,342.778,1,3,4,67.51
2-Ethylnaphthalene,CCc1ccc2ccccc2c1,-4.29,-4.1,1,156.228,0,2,1,0
5-methylcytosine,Nc1c(C)c[nH]c(=O)n1 ,-1.458,-0.257,1,125.131,2,1,0,71.77
"2,3,4,5,6-PCB",Clc2c(Cl)c(Cl)c(c1ccccc1)c(Cl)c2Cl ,-7.92,-6.785,1,326.437,0,2,1,0
benodanil,c1c(NC(=O)c2ccccc2(I))cccc1,-4.21,-4.245,1,323.133,1,2,2,29.1
Riboflavin,Cc3cc2nc1c(=O)[nH]c(=O)nc1n(CC(O)C(O)C(O)CO)c2cc3C,-3.685,-1.865,1,376.369,5,3,5,161.56
o-Fluorobromobenzene,Fc1ccccc1Br,-2.7,-3.467,1,175,0,1,0,0
"2,4-Dichlorophenol ",Oc1ccc(Cl)cc1Cl,-1.55,-3.22,1,163.003,1,1,0,20.23
Permethrin,CC1(C)C(C=C(Cl)Cl)C1C(=O)OCc2cccc(Oc3ccccc3)c2,-6.291,-7.129,1,391.294,0,3,6,35.53
piroxicam,CN2C(=C(O)c1ccccc1S2(=O)=O)C(=O)Nc3ccccn3 ,-4.16,-3.473,1,331.353,2,3,2,99.6
3-Propanoyloxymethylphenytoin,O=C1N(COC(=O)CC)C(=O)C(N1)(c2ccccc2)c3ccccc3,-4.907,-3.128,1,338.363,1,3,5,75.71
Cyclopentane ,C1CCCC1,-2.64,-2.038,2,70.135,0,1,0,0
o-Toluidine,Cc1ccccc1N,-2.21,-1.922,1,107.156,1,1,0,26.02
Estragole,c1(OC)ccc(CC=C)cc1,-2.92,-3.074,1,148.205,0,1,3,9.23
karbutilate,CN(C)C(=O)Nc1cccc(OC(=O)NC(C)(C)C)c1 ,-2.93,-2.655,1,279.34,2,1,2,70.67
3-Methyl-1-Butene,CC(C)C=C,-2.73,-1.994,1,70.135,0,0,1,0
2-Hydroxypyridine,Oc1ccccn1,1.02,-1.655,1,95.101,1,1,0,33.12
Ethane,CC,-1.36,-1.132,1,30.07,0,0,0,0
"1,2-Dichlorobenzene",Clc1ccccc1Cl,-3.05,-3.482,1,147.004,0,1,0,0
mercaptobenzothiazole,Sc2nc1ccccc1s2 ,-3.18,-3.411,1,167.258,1,2,0,12.89
"2,2',3,3',4,4',5,5',6,6'-PCB",Clc1c(Cl)c(Cl)c(c(Cl)c1Cl)c2c(Cl)c(Cl)c(Cl)c(Cl)c2Cl ,-11.6,-9.589,1,498.662,0,2,1,0
Methoxsalen,COc2c1occc1cc3ccc(=O)oc23 ,-3.664,-3.25,1,216.192,0,3,1,52.58
Acetamide,CC(=O)N,1.58,0.494,1,59.068,1,0,0,43.09
1-Methylnaphthalene,Cc1cccc2ccccc12,-3.7,-3.802,1,142.201,0,2,0,0
Napropamide,CCN(CC)C(=O)C(C)Oc1cccc2ccccc12 ,-3.57,-4.088,1,271.36,0,2,5,29.54
"3,3-Dimethyl-2-butanol",CC(O)C(C)(C)C,-0.62,-1.292,1,102.177,1,0,0,20.23
Methyl pentanoate,CCCC(=O)OCC,-1.36,-1.545,1,116.16,0,0,3,26.3
Menadione,CC2=CC(=O)c1ccccc1C2=O ,-3.03,-2.667,1,172.183,0,2,0,34.14
Phenanthrene,c1ccc2c(c1)ccc3ccccc32,-5.26,-4.518,2,178.234,0,3,0,0
"2,4-Dimethylpyridine",Cc1ccnc(C)c1,0.38,-2.098,1,107.156,0,1,0,12.89
1-Nonanol,CCCCCCCCCO,-3.01,-2.46,1,144.258,1,0,7,20.23
Dibromomethane,BrCBr,-1.17,-1.883,1,173.835,0,0,0,0
Dexamethasone,CC1CC2C3CCC4=CC(=O)C=CC4(C)C3(F)C(O)CC2(C)C1(O)C(=O)CO,-3.59,-3.4,1,392.467,3,4,2,94.83
"2,6-Dimethylnaphthalene ",Cc1ccc2cc(C)ccc2c1,-4.89,-4.147,1,156.228,0,2,0,0
Butylate,CCSC(=O)N(CC(C)C)CC(C)C,-3.68,-3.453,1,217.378,0,0,5,20.31
nitroglycerin,O=N(=O)OCC(CON(=O)=O)ON(=O)=O ,-2.22,-2.029,1,227.085,0,0,8,157.11
m-Nitroaniline,Nc1cccc(c1)N(=O)=O,-2.19,-1.936,1,138.126,1,1,1,69.16
1-Chlorobutane,CCCCCl,-2.03,-1.94,1,92.569,0,0,2,0
triforine,ClC(Cl)(Cl)C(NC=O)N1C=CN(C=C1)C(NC=O)C(Cl)(Cl)Cl ,-4.19,-3.715,1,430.934,2,1,6,64.68
Fluridone,Cn2cc(c1ccccc1)c(=O)c(c2)c3cccc(c3)C(F)(F)F,-4.445,-4.249,1,329.321,0,3,2,22
6-aminochrysene,Nc3cc2c1ccccc1ccc2c4ccccc34 ,-6.2,-4.849,1,243.309,1,4,0,26.02
Estrone,CC12CCC3C(CCc4cc(O)ccc34)C2CCC1=O,-3.955,-3.872,1,270.372,1,4,0,37.3
RTI 17,CCN2c1ccccc1N(C)C(=S)c3cccnc23 ,-4.706,-4.227,1,269.373,0,3,1,19.37
"1,2-Propylene oxide",CC1CO1,-0.59,-0.358,1,58.08,0,1,0,12.53
Nitrazepam,O=C3CN=C(c1ccccc1)c2cc(ccc2N3)N(=O)=O,-3.796,-3.473,1,281.271,1,3,2,84.6
"1,3-diethylthiourea",CCNC(=S)NCC,-1.46,-1.028,1,132.232,2,0,2,24.06
"2,3,5-Trichlorophenol",Oc1cc(Cl)cc(Cl)c1Cl,-2.67,-3.78,1,197.448,1,1,0,20.23
Propyl propanoate,CCCCC(=O)OC,-1.34,-1.545,1,116.16,0,0,3,26.3
Aniline ,Nc1ccccc1,-0.41,-1.632,1,93.129,1,1,0,26.02
"1,5-Dimethlnapthalene",Cc1cccc2c(C)cccc12,-4.679,-4.147,1,156.228,0,2,0,0
hydrochlorothiazide,NS(=O)(=O)c2cc1c(NCNS1(=O)=O)cc2Cl ,-2.63,-1.72,1,297.745,3,2,1,118.36
Acenapthylene,C1=Cc2cccc3cccc1c23,-3.96,-3.682,2,152.196,0,3,0,0
Ethyl butyrate,CCCCCOC(=O)CC,-1.28,-2.254,1,144.214,0,0,5,26.3
Atratone,CCNc1nc(NC(C)C)nc(OC)n1,-2.084,-3.185,1,211.269,2,1,5,71.96
Benzo(a)pyrene,c1ccc2c(c1)cc3ccc4cccc5ccc2c3c45,-8.699,-6.007,2,252.316,0,5,0,0
Bromoethane,CCBr,-1.09,-1.529,1,108.966,0,0,0,0
3-Hexyne,CCC#CCC,-1.99,-1.933,1,82.146,0,0,0,0
Digitoxin,CC1OC(CC(O)C1O)OC2C(O)CC(OC2C)OC8C(O)CC(OC7CCC3(C)C(CCC4C3CCC5(C)C(CCC45O)C6=CC(=O)OC6)C7)OC8C ,-5.293,-6.114,1,764.95,5,8,7,182.83
2-Methyl-1-Butene,CCC(=C)C,-2.73,-1.994,1,70.135,0,0,1,0
8-quinolinol,Oc1cccc2cccnc12 ,-2.42,-2.725,1,145.161,1,2,0,33.12
"1,2,3,4-Tetrahydronapthalene",C1CCc2ccccc2C1,-4.37,-3.447,2,132.206,0,2,0,0
phenolphthalein,Oc1ccc(cc1)C2(OC(=O)c3ccccc23)c4ccc(O)cc4 ,-2.9,-4.59,1,318.328,2,4,2,66.76
"1,3,5-Tribromobenzene",Brc1cc(Br)cc(Br)c1,-5.6,-5.27,1,314.802,0,1,0,0
Ronnel,COP(=S)(OC)Oc1cc(Cl)c(Cl)cc1Cl,-5.72,-5.247,1,321.549,0,1,4,27.69
methylthiouracil,Cc1cc(=O)[nH]c(=S)[nH]1,-2.436,-0.547,1,142.183,2,1,0,48.65
Eugenol,COc1cc(CC=C)ccc1O,-1.56,-2.675,1,164.204,1,1,3,29.46
5-Allyl-5-isopropylbarbital,O=C1NC(=O)NC(=O)C1(C(C)C)CC=C,-1.708,-1.706,1,210.233,2,1,3,75.27
Pyrene,c1cc2ccc3cccc4ccc(c1)c2c34,-6.176,-4.957,2,202.256,0,4,0,0
"1,1-Diethoxyethane ",CCOC(C)OCC,-0.43,-0.899,1,118.176,0,0,4,18.46
Clomazone,CC1(C)CON(Cc2ccccc2Cl)C1=O,-2.338,-3.077,1,239.702,0,2,2,29.54
2-Butoxyethanol,CCCCOCCO,-0.42,-0.775,1,118.176,1,0,5,29.46
Quintozene,Clc1c(Cl)c(Cl)c(N(=O)=O)c(Cl)c1Cl,-5.82,-5.098,1,295.336,0,1,1,43.14
Androsterone,CC12CCC(O)CC1CCC3C2CCC4(C)C3CCC4=O,-4.402,-3.882,1,290.447,1,4,0,37.3
Flurochloridone,FC(F)(F)c1cccc(c1)N2CC(CCl)C(Cl)C2=O,-4.047,-4.749,1,312.118,0,2,2,20.31
Quinoline,c1ccc2ncccc2c1,-1.3,-2.663,2,129.162,0,2,0,12.89
methyl gallate,COC(=O)c1cc(O)c(O)c(O)c1 ,-1.24,-1.913,1,184.147,3,1,1,86.99
fluconazole,OC(Cn1cncn1)(Cn2cncn2)c3ccc(F)cc3F ,-1.8,-2.418,1,306.276,1,3,5,81.65
Chlorzoxazone,Clc2ccc1oc(=O)[nH]c1c2,-2.831,-2.679,1,169.567,1,2,0,46
"2,2',3,4,4',5',6-PCB",Clc1ccc(c(Cl)c1)c2c(Cl)c(Cl)c(Cl)c(Cl)c2Cl,-7.92,-7.898,1,395.327,0,2,1,0
alloxan,O=C1NC(=O)C(=O)C(=O)N1 ,-1.25,0.436,1,142.07,2,1,0,92.34
"1,3-Dichloropropane",ClCCCCl,-1.62,-1.618,1,112.987,0,0,2,0
m-Fluorobromobenzene,Fc1cccc(Br)c1,-2.67,-3.467,1,175,0,1,0,0
p-Chlorobromobenzene,Clc1ccc(Br)cc1,-3.63,-3.928,1,191.455,0,1,0,0
"2,3-Dimethylbutane",CC(C)C(C)C,-3.65,-2.584,1,86.178,0,0,1,0
1-Butene,CCC=C,-1.94,-1.655,1,56.108,0,0,1,0
"2,2',3,4,5,5'-PCB",Clc1ccc(Cl)c(c1)c2cc(Cl)c(Cl)c(Cl)c2Cl,-7.68,-7.343,1,360.882,0,2,1,0
cytosine,Nc1cc[nH]c(=O)n1 ,-1.155,0.051,1,111.104,2,1,0,71.77
"1,1,2-Trichlorotrifluoroethane",FC(F)(Cl)C(F)(Cl)Cl,-3.04,-3.077,1,187.375,0,0,1,0
Propionitrile,CCC#N,0.28,-0.269,1,55.08,0,0,0,23.79
"O,P'-DDD",ClC(Cl)C(c1ccc(Cl)cc1)c2ccccc2Cl ,-6.51,-6.008,1,320.046,0,2,3,0
o-Nitroanisole,COc1ccccc1N(=O)=O,-1.96,-2.346,1,153.137,0,1,2,52.37
Prasterone,CC34CCC1C(CC=C2CC(O)CCC12C)C3CCC4=O,-4.12,-3.564,1,288.431,1,4,0,37.3
Procymidone,CC12CC2(C)C(=O)N(C1=O)c3cc(Cl)cc(Cl)c3,-4.8,-3.464,1,284.142,0,3,1,37.38
Benzo[ghi]perylene,c1cc2ccc3ccc4ccc5cccc6c(c1)c2c3c4c56,-9.018,-6.446,2,276.338,0,6,0,0
Dinoseb,CCC(C)c1cc(cc(N(=O)=O)c1O)N(=O)=O ,-3.38,-3.715,1,240.215,1,1,4,106.51
meconin,c1c(OC)c(OC)C2C(=O)OCC2c1,-1.899,-0.825,1,196.202,0,2,2,44.76
Glycerol,OCC(O)CO,1.12,0.688,1,92.094,3,0,2,60.69
Guaiacol,COc1ccccc1O ,-1.96,-1.941,1,124.139,1,1,1,29.46
chlorpyrifos,CCOP(=S)(OCC)Oc1nc(Cl)c(Cl)cc1Cl ,-5.67,-4.972,1,350.591,0,1,6,40.58
9-Methylanthracene,Cc1c2ccccc2cc3ccccc13,-5.89,-4.87,1,192.261,0,3,0,0
Antipyrene,Cc1cc(=O)n(c2ccccc2)n1C,0.715,-1.733,1,188.23,0,2,1,26.93
Methyl butyl ether ,CCCCOC,-0.99,-1.072,1,88.15,0,0,3,9.23
7-methylpteridine,Cc2cnc1cncnc1n2,-0.854,-1.24,1,146.153,0,2,0,51.56
simazine,CCNc1nc(Cl)nc(NCC)n1 ,-4.55,-2.811,1,201.661,2,1,4,62.73
"N,N-Dimethylacetamide",CN(C)C(=O)C,1.11,0.123,1,87.122,0,0,0,20.31
Simetryn,CSc1nc(nc(n1)N(C)C)N(C)C,-2.676,-2.689,1,213.31,0,1,3,45.15
Ethylene,C=C,-0.4,-0.815,1,28.054,0,0,0,0
"3,3-Dimethyl-1-butanol",CC(C)(C)CCO,-0.5,-1.365,1,102.177,1,0,1,20.23
5-Allyl-5-ethylbarbital,O=C1NC(=O)NC(=O)C1(CC)CC=C,-1.614,-1.368,1,196.206,2,1,3,75.27
"2,3,4-Trichlorophenol",Oc1ccc(Cl)c(Cl)c1Cl,-2.67,-3.705,1,197.448,1,1,0,20.23
Anisole,COc1ccccc1,-1.85,-2.368,1,108.14,0,1,1,9.23
chloropropylate,c1ccc(Cl)cc1C(c2ccc(Cl)cc2)(O)C(=O)OC(C)C,-4.53,-5.093,1,339.218,1,2,4,46.53
aldosterone,CC13CCC(=O)C=C1CCC4C2CCC(C(=O)CO)C2(CC(O)C34)C=O ,-3.85,-3.066,1,360.45,2,4,3,91.67
Difenoxuron,COc2ccc(Oc1ccc(NC(=O)N(C)C)cc1)cc2,-4.16,-3.928,1,286.331,1,2,4,50.8
4-Ethyltoluene,CCc1ccc(C)cc1,-3.11,-3.328,1,120.195,0,1,1,0
Diisopropylsulfide,CC(C)SC(C)C,-2.24,-2.162,1,118.245,0,0,2,0
"1,3-Dinitrobenzene",O=N(=O)c1cccc(c1)N(=O)=O,-2.29,-2.281,1,168.108,0,1,2,86.28
Ethion,CCOP(=S)(OCC)SCSP(=S)(OCC)OCC,-5.54,-5.471,1,384.487,0,0,12,36.92
probarbital,CCC1(C(C)C)C(=O)NC(=O)NC1=O ,-2.21,-1.603,1,198.222,2,1,2,75.27
cortisone acetate,CC(=O)OCC(=O)C3(O)CCC4C2CCC1=CC(=O)CCC1(C)C2C(=O)CC34C ,-4.21,-3.426,1,402.487,1,4,3,97.74
Metronidazole,Cc1ncc(N(=O)=O)n1CCO,-1.22,-0.859,1,171.156,1,1,3,81.19
p-Chloroaniline,Nc1ccc(Cl)cc1,-1.66,-2.392,1,127.574,1,1,0,26.02
"2,2-Dimethylpentanol",CCCC(C)(C)CO,-1.52,-1.719,1,116.204,1,0,3,20.23
Furane,c1ccoc1,-0.82,-1.837,2,68.075,0,1,0,13.14
Methoproptryne,COCCCNc1nc(NC(C)C)nc(SC)n1,-2.928,-3.259,1,271.39,2,1,8,71.96
Norea,CN(C)C(=O)NC1CC2CC1C3CCCC23,-3.171,-2.47,1,222.332,1,3,1,32.34
t-Butylbenzene ,CC(C)(C)c1ccccc1,-3.66,-3.554,1,134.222,0,1,0,0
kebuzone,CC(=O)CCC1C(=O)N(N(C1=O)c2ccccc2)c3ccccc3,-3.27,-2.645,1,322.364,0,3,5,57.69
prednisolone acetate,CC(=O)OCC(=O)C3(O)CCC4C2CCC1=CC(=O)C=CC1(C)C2C(O)CC34C ,-4.37,-3.507,1,402.487,2,4,3,100.9
Methyl propyl ether ,CCCOC,-0.39,-0.718,1,74.123,0,0,2,9.23
Isopropyl acetate,CC(C)OC(=O)C,-0.55,-1.191,1,102.133,0,0,1,26.3
Bromobenzene,Brc1ccccc1,-2.55,-3.345,1,157.01,0,1,0,0
Ethyl-p-hydroxybenzoate ,CCOC(=O)c1ccc(O)cc1,-2.35,-2.761,1,166.176,1,1,2,46.53
3-Butanoyloxymethylphenytoin,O=C1N(COC(=O)CCC)C(=O)C(N1)(c2ccccc2)c3ccccc3,-5.071,-3.469,1,352.39,1,3,6,75.71
testosterone propionate,CCC(=O)OC3CCC4C2CCC1=CC(=O)CCC1(C)C2CCC34C ,-5.37,-4.87,1,344.495,0,4,2,43.37
Coronene,c1cc2ccc3ccc4ccc5ccc6ccc1c7c2c3c4c5c67,-9.332,-6.885,2,300.36,0,7,0,0
allopurinol,O=c1[nH]cnc2[nH]ncc12 ,-2.266,-0.84,1,136.114,2,2,0,74.43
Chloroethylene,ClC=C,-1.75,-1.188,1,62.499,0,0,0,0
diphenamid,CN(C)C(=O)C(c1ccccc1)c2ccccc2 ,-2.98,-3.147,1,239.318,0,2,3,20.31
Tetrabromomethane,BrC(Br)(Br)Br,-3.14,-4.063,1,331.627,0,0,0,0
RTI 22,CCN2c1cc(N(C)C)cc(C)c1NC(=O)c3cccnc23 ,-4.871,-4.408,1,296.374,1,3,2,48.47
phthalimide,O=C1NC(=O)c2ccccc12 ,-2.61,-1.882,1,147.133,1,2,0,46.17
Fenarimol,OC(c1ccc(Cl)cc1)(c2cncnc2)c3ccccc3Cl,-4.38,-4.108,1,331.202,1,3,3,46.01
Methyl benzoate ,COC(=O)c1ccccc1,-1.85,-2.462,1,136.15,0,1,1,26.3
1-methyluracil,Cn1ccc(=O)[nH]c1=O,-0.807,-0.375,1,126.115,1,1,0,54.86
oxyphenbutazone,CCCCC1C(=O)N(N(C1=O)c2ccc(O)cc2)c3ccccc3 ,-3.73,-3.739,1,324.38,1,3,5,60.85
"2,2',3,5'-PCB",Clc1ccc(Cl)c(c1)c2cccc(Cl)c2Cl ,-6.47,-6.155,1,291.992,0,2,1,0
Quinethazone,CCC2NC(=O)c1cc(c(Cl)cc1N2)S(N)(=O)=O,-3.29,-2.184,1,289.744,3,2,2,101.29
Diuron,CN(C)C(=O)Nc1ccc(Cl)c(Cl)c1,-3.8,-3.301,1,233.098,1,1,1,32.34
Cyclopentene ,C1CC=CC1,-2.1,-1.72,2,68.119,0,1,0,0
alloxantin,C1(=O)NC(=O)NC(=O)C1(O)C2(O)C(=O)NC(=O)NC2(=O),-1.99,0.919,1,286.156,6,2,1,191
Nonane,CCCCCCCCC,-5.88,-3.678,1,128.259,0,0,6,0
2-Chlorophenol,Oc1ccccc1Cl,-1.06,-2.553,1,128.558,1,1,0,20.23
5-Methylchrysene,c1cccc2c3c(C)cc4ccccc4c3ccc12,-6.59,-5.931,1,242.321,0,4,0,0
Phenetole,CCOc1ccccc1,-2.33,-2.66,1,122.167,0,1,2,9.23
ethyl cinnamate,CCOC(=O)C=Cc1ccccc1,-3,-3.098,1,176.215,0,1,3,26.3
Terbacil,Cc1[nH]c(=O)n(c(=O)c1Cl)C(C)(C)C,-2.484,-3.033,1,216.668,1,1,0,54.86
Clonazepam,Clc1ccccc1C2=NCC(=O)Nc3ccc(cc23)N(=O)=O,-3.499,-3.707,1,315.716,1,3,2,84.6
p-Toluenesulfonamide ,Cc1ccc(cc1)S(=O)(=O)N,-1.74,-1.815,1,171.221,1,1,1,60.16
Chlorbufam,CC(OC(=O)Nc1cccc(Cl)c1)C#C,-2.617,-3.629,1,223.659,1,1,2,38.33
2-Methylheptane,CCCCCC(C)C,-5.08,-3.308,1,114.232,0,0,4,0
Cyhalothrin,CC1(C)C(C=C(Cl)C(F)(F)F)C1C(=O)OC(C#N)c2cccc(Oc3ccccc3)c2,-8.176,-6.905,1,449.856,0,3,6,59.32
Apazone,CCCC1C(=O)N3N(C1=O)c2cc(C)ccc2N=C3N(C)C ,-3.538,-2.9,1,300.362,0,3,2,56.22
Diazepam,CN2C(=O)CN=C(c1ccccc1)c3cc(Cl)ccc23,-3.754,-4.05,1,284.746,0,3,1,32.67
2-Methyl-3-pentanol,CCC(O)C(C)C,-0.7,-1.308,1,102.177,1,0,2,20.23
fensulfothion,CCOP(=S)(OCC)Oc1ccc(cc1)S(C)=O ,-2.3,-3.283,1,308.361,0,1,7,44.76
borneol,CC1(C)C2CCC1(C)C(O)C2,-2.32,-2.423,1,154.253,1,2,0,20.23
Testosterone,CC12CCC3C(CCC4=CC(=O)CCC34C)C2CCC1O,-4.02,-3.659,1,288.431,1,4,0,37.3
Heptane,CCCCCCC,-4.53,-2.97,1,100.205,0,0,4,0
1-Napthol,Oc1cccc2ccccc12,-2.22,-3.08,1,144.173,1,2,0,20.23
"cis-1,2-Dimethylcyclohexane",C/C1CCCCC1\C,-4.3,-3.305,1,112.216,0,1,0,0
Trimazosin,COc2cc1c(N)nc(nc1c(OC)c2OC)N3CCN(CC3)C(=O)OCC(C)(C)O ,-3.638,-3.958,1,435.481,2,3,6,132.5
Cholanthrene,C1Cc2c3c1cccc3cc4c2ccc5ccccc54,-7.85,-5.942,2,254.332,0,5,0,0
Medrogestone,CC(=O)C3(C)CCC4C2C=C(C)C1=CC(=O)CCC1(C)C2CCC34C,-5.27,-4.593,1,340.507,0,4,1,34.14
2-Heptanone,CCCCCC(=O)C,-1.45,-1.554,1,114.188,0,0,4,17.07
Acephate,COP(=O)(NC(C)=O)SC ,0.54,-0.416,1,183.169,1,0,3,55.4
DEF,CCCCSP(=O)(SCCCC)SCCCC,-5.14,-4.074,1,314.522,0,0,12,17.07
phthalamide,c1cC2C(=O)NC(=O)C2cc1,-2.932,-0.636,1,149.149,1,2,0,46.17
Trichlomethiazide,NS(=O)(=O)c2cc1c(NC(NS1(=O)=O)C(Cl)Cl)cc2Cl ,-2.68,-2.98,1,380.662,3,2,2,118.36
2-Methy-2-Butene,CC=C(C)C,-2.56,-1.994,1,70.135,0,0,0,0
"1,2,4-Trimethylbenzene",Cc1ccc(C)c(C)c1,-3.31,-3.343,1,120.195,0,1,0,0
"2,4,5-Trichlorophenol ",Oc1cc(Cl)c(Cl)cc1Cl,-2.21,-3.78,1,197.448,1,1,0,20.23
phenanthridine,c1ccc2c(c1)cnc3ccccc23 ,-2.78,-3.713,2,179.222,0,3,0,12.89
3-Methyl-3-hexanol,CCCC(C)(O)CC,-0.98,-1.663,1,116.204,1,0,3,20.23
Octane,CCCCCCCC,-5.24,-3.324,1,114.232,0,0,5,0
Anthracene,c1ccc2cc3ccccc3cc2c1,-6.35,-4.518,2,178.234,0,3,0,0
Phenylhydrazine,NNc1ccccc1,0.07,-1.866,1,108.144,2,1,1,38.05
Propionaldehyde,CCC=O,0.58,-0.394,1,58.08,0,0,1,17.07
Cyclooctane,C1CCCCCCC1,-4.15,-3.355,2,112.216,0,1,0,0
"5,5-Diallylbarbital",O=C1NC(=O)NC(=O)C1(CC=C)CC=C,-2.077,-1.471,1,208.217,2,1,4,75.27
Trichloromethane,ClC(Cl)Cl,-1.17,-1.812,1,119.378,0,0,0,0
thiouracil,Sc1nccc(=O)[nH]1 ,-2.273,-0.992,1,128.156,2,1,0,45.75
Pencycuron,Clc1ccc(CN(C2CCCC2)C(=O)Nc3ccccc3)cc1,-5.915,-5.126,1,328.843,1,3,4,32.34
1-Methylcyclohexene ,CC1=CCCCC1,-3.27,-2.574,1,96.173,0,1,0,0
2-Ethylhexanal,CCCCC(CC)C=O,-2.13,-2.232,1,128.215,0,0,5,17.07
Khellin,COc2c1occc1c(OC)c3c(=O)cc(C)oc23 ,-3.021,-3.603,1,260.245,0,3,2,61.81
5-Ethyl-5-(3-methylbutyl)barbital,O=C1NC(=O)NC(=O)C1(CC)CCC(C)C,-2.658,-2.312,1,226.276,2,1,4,75.27
Benzo(j)fluoranthene,c1ccc2c3c(ccc2c1)c4cccc5cccc3c45,-8,-6.007,2,252.316,0,5,0,0
2-Ethylbutanal,CCC(CC)C=O,-1.52,-1.523,1,100.161,0,0,3,17.07
Dipropyl ether,CCCOCCC,-1.62,-1.426,1,102.177,0,0,4,9.23
1-Tetradecanol,CCCCCCCCCCCCCCO,-5.84,-4.231,1,214.393,1,0,12,20.23
"2,3,6-Trichlorophenol",Oc1c(Cl)ccc(Cl)c1Cl,-2.64,-3.572,1,197.448,1,1,0,20.23
Urea,NC(=O)N,0.96,0.832,1,60.056,2,0,0,69.11
1-Pentyne,CCCC#C,-1.64,-1.446,1,68.119,0,0,1,0
"1,3-Dibromobenzene",Brc1cccc(Br)c1,-3.54,-4.298,1,235.906,0,1,0,0
1-Octadecanol,CCCCCCCCCCCCCCCCCCO,-8.4,-5.649,1,270.501,1,0,16,20.23
Acetanilide,CC(=O)Nc1ccccc1,-1.33,-1.857,1,135.166,1,1,1,29.1
hematein,c1cc(O)c(O)c2OCC3(O)CC4=CC(=O)C(O)=CC4=C3c21,-2.7,-1.795,1,300.266,4,4,0,107.22
Isonazid,c1nccc(C(=O)NN)c1,0.009,-0.717,1,137.142,2,1,1,68.01
hydroxychlordene,OC1C=CC2C1C3(Cl)C(=C(Cl)C2(Cl)C3(Cl)Cl)Cl ,-5.46,-4.156,1,354.875,1,3,0,20.23
Isopentyl formate,CC(C)CCOC=O,-1.52,-1.449,1,116.16,0,0,4,26.3
Acetophenone,CC(=O)c1ccccc1,-1.28,-2.078,1,120.151,0,1,1,17.07
biquinoline,c2ccc1nc(ccc1c2)c4ccc3ccccc3n4 ,-5.4,-4.903,2,256.308,0,4,1,25.78
Triethyl phosphate,CCOP(=O)(OCC)OCC,0.43,-0.953,1,182.156,0,0,6,44.76
D-fenchone,CC2(C)C1CCC(C)(C1)C2=O,-1.85,-2.158,1,152.237,0,2,0,17.07
7-methoxypteridine,COc2cnc1cncnc1n2,-0.91,-1.589,1,162.152,0,2,1,60.79
Chlordene,ClC2=C(Cl)C3(Cl)C1C=CCC1C2(Cl)C3(Cl)Cl ,-5.64,-5.152,1,338.876,0,3,0,0
2-Nitropropane,CC(C)N(=O)=O,-0.62,-0.743,1,89.094,0,0,1,43.14
Carbazole,c1ccc2c(c1)[nH]c3ccccc32,-5.27,-3.836,2,167.211,1,3,0,15.79
Erythritol,OCC(O)C(O)CO,0.7,0.675,1,122.12,4,0,3,80.92
Risocaine,CCCOC(=O)c1ccc(N)cc1,-2.452,-2.709,1,179.219,1,1,3,52.32
Azodrin,CNC(=O)C=C(C)OP(=O)(OC)OC,0.651,-0.949,1,223.165,1,0,5,73.86
Succinimide,O=C1CCC(=O)N1,0.3,0.282,1,99.089,1,1,0,46.17
"2,3-Dimethylpentane",CCC(C)C(C)C,-4.28,-2.938,1,100.205,0,0,2,0
bupirimate,CCCCc1c(C)nc(NCC)nc1OS(=O)(=O)N(C)C ,-4.16,-3.493,1,316.427,1,1,8,84.42
RTI 16,CCN2c1ncccc1N(C)C(=S)c3cccnc23 ,-4.634,-3.411,1,270.361,0,3,1,32.26
RTI 9,O2c1ccccc1N(CC)C(=O)c3ccccc23 ,-3.68,-3.784,1,239.274,0,3,1,29.54
Tetrahydropyran ,C1CCOCC1,-0.03,-0.978,2,86.134,0,1,0,9.23
1-Heptyne,CCCCCC#C,-3.01,-2.155,1,96.173,0,0,3,0
osthole,c1cc2ccc(OC)c(CC=C(C)(C))c2oc1=O ,-4.314,-4.076,1,244.29,0,2,3,39.44
3-Methylcholanthrene,c1cc(C)cc2c1c3cc4cccc5CCc(c45)c3cc2,-7.92,-6.311,1,268.359,0,5,0,0
Ethyl benzoate ,CCOC(=O)c1ccccc1,-2.32,-2.775,1,150.177,0,1,2,26.3
1-Chloro-2-methylpropane,ClCC(C)C,-2,-1.924,1,92.569,0,0,1,0
Ethinyl estradiol,CC34CCC1C(CCc2cc(O)ccc12)C3CCC4(O)C#C ,-4.3,-4.317,1,296.41,2,4,0,40.46
methyl laurate,CCCCCCCCCCCC(=O)OC,-4.69,-4.025,1,214.349,0,0,10,26.3
Di-n-propylsulfide,CCCSCCC,-2.58,-2.307,1,118.245,0,0,4,0
Napthacene,c1ccc2cc3cc4ccccc4cc3cc2c1,-8.6,-5.568,2,228.294,0,4,0,0
1-Bromopentane,CCCCCBr,-3.08,-2.658,1,151.047,0,0,3,0
trans-2-Heptene ,CCCC/C=C/C,-3.82,-2.784,1,98.189,0,0,3,0
Metranidazole,Cc1ncc(N(=O)=O)n1CCO ,-1.26,-0.859,1,171.156,1,1,3,81.19
Pentylcyclopentane,CCCCCC1CCCC1,-6.08,-3.869,1,140.27,0,1,4,0
"2,2',3,5,5',6-PCB",Clc1ccc(Cl)c(c1)c2c(Cl)c(Cl)cc(Cl)c2Cl ,-7.42,-7.261,1,360.882,0,2,1,0
5-Ethyl-5-isopropylbarbituric acid,O=C1NC(=O)NC(=O)C1(CC)C(C)C,-2.148,-1.603,1,198.222,2,1,2,75.27
"1,1,1-Trichloroethane",CC(Cl)(Cl)Cl,-2,-2.232,1,133.405,0,0,0,0
Monolinuron,CON(C)C(=O)Nc1ccc(Cl)cc1,-2.57,-2.948,1,214.652,1,1,2,41.57
Cyclohexyl-5-spirobarbituric acid,O=C2NC(=O)C1(CCCCC1)C(=O)N2,-3.06,-1.405,1,196.206,2,2,0,75.27
dimetan,CN(C)C(=O)OC1=CC(=O)CC(C)(C)C1 ,-0.85,-2.304,1,211.261,0,1,1,46.61
4-Bromotoluene,Cc1ccc(Br)cc1,-3.19,-3.667,1,171.037,0,1,0,0
Diethyl ether ,CCOCC,-0.09,-0.718,1,74.123,0,0,2,9.23
Rovral,CC(C)NC(=O)N1CC(=O)N(C1=O)c2cc(Cl)cc(Cl)c2,-4.376,-4.004,1,330.171,1,2,2,69.72
Benfluralin,CCCCN(CC)c1c(cc(cc1N(=O)=O)C(F)(F)F)N(=O)=O,-5.53,-5.205,1,335.282,0,1,7,89.52
"2,4,6-Trimethylphenol",Cc1cc(C)c(O)c(C)c1,-2.05,-2.941,1,136.194,1,1,0,20.23
Benzene ,c1ccccc1,-1.64,-2.418,2,78.114,0,1,0,0
p-Chloroiodobenzene,Clc1ccc(I)cc1,-4.03,-4.384,1,238.455,0,1,0,0
Metoxuron,COc1ccc(NC(=O)N(C)C)cc1Cl,-2.564,-2.683,1,228.679,1,1,2,41.57
propachlor,CC(C)N(C(=O)CCl)c1ccccc1 ,-2.48,-3.018,1,211.692,0,1,3,20.31
Styrene,C=Cc1ccccc1,-2.82,-2.85,1,104.152,0,1,1,0
Dimethoxymethane,COCOC,0.48,0.092,1,76.095,0,0,2,18.46
o-Xylene ,Cc1ccccc1C,-2.8,-3.004,1,106.168,0,1,0,0
Butan-2-ol,CCC(C)O,0.47,-0.616,1,74.123,1,0,1,20.23
"1,4-Benzenediol",Oc1ccc(O)cc1,-0.17,-1.59,1,110.112,2,1,0,40.46
estriol,CC34CCC1C(CCc2cc(O)ccc12)C3CC(O)C4O ,-4.955,-3.858,1,288.387,3,4,0,60.69
Benzo(b)fluorene,C1c2ccccc2c3cc4ccccc4cc13,-8.04,-5.189,2,216.283,0,4,0,0
hydantoin,O=C1CNC(=O)N1 ,-0.4,0.603,1,100.077,2,1,0,58.2
4-hexylresorcinol,c1(O)cc(O)ccc1CCCCCC,-2.59,-3.493,1,194.274,2,1,5,40.46
allicin,C=CCS(=O)SCC=C,-0.83,-2.045,1,162.279,0,0,5,17.07
Coumaphos,CCOP(=S)(OCC)Oc2ccc1oc(=O)c(Cl)c(C)c1c2,-5.382,-5.04,1,362.771,0,2,6,57.9
"5,6-Dimethylchrysene",Cc1c(C)c2c3ccccc3ccc2c4ccccc14,-7.01,-6.265,1,256.348,0,4,0,0
Betamethasone-17-valerate,CCCCC(=O)OC3(C(C)CC4C2CCC1=CC(=O)C=CC1(C)C2(F)C(O)CC34C)C(=O)CO,-4.71,-5.062,1,476.585,2,4,6,100.9
uric acid,O=c2[nH]c(=O)c1[nH]c(=O)[nH]c1[nH]2 ,-3.93,-0.541,1,168.112,4,2,0,114.37
"2,3,4,6-Tetrachlorophenol",Oc1c(Cl)cc(Cl)c(Cl)c1Cl,-3.1,-4.203,1,231.893,1,1,0,20.23
"1,3-Dichlorobenzene",Clc1cccc(Cl)c1,-3.04,-3.558,1,147.004,0,1,0,0
DDT,Clc1ccc(cc1)C(c2ccc(Cl)cc2)C(Cl)(Cl)Cl,-7.15,-6.638,1,354.491,0,2,2,0
Isobutyl formate,CC(C)COC=O,-1.01,-1.095,1,102.133,0,0,3,26.3
thioanisole,c1ccccc1SC,-2.39,-2.87,1,124.208,0,1,1,0
RTI 13,CCN2c1nc(C)cc(C(F)(F)F)c1NC(=O)c3cccnc23 ,-4.207,-4.45,1,322.29,1,3,1,58.12
Hexane ,CCCCCC,-3.84,-2.615,1,86.178,0,0,3,0
methyl nicotinate,COC(=O)c1cccnc1 ,-0.46,-1.621,1,137.138,0,1,1,39.19
Bendroflumethiazide,NS(=O)(=O)c3cc2c(NC(Cc1ccccc1)NS2(=O)=O)cc3C(F)(F)F,-3.59,-3.741,1,421.422,3,3,3,118.36
"2,3,3',4,4',5-PCB",Clc1ccc(cc1Cl)c2cc(Cl)c(Cl)c(Cl)c2Cl ,-7.82,-7.425,1,360.882,0,2,1,0
Vinclozolin,CC1(OC(=O)N(C1=O)c2cc(Cl)cc(Cl)c2)C=C,-4.925,-4.377,1,286.114,0,2,2,46.61
Cyanazine,CCNc1nc(Cl)nc(NC(C)(C)C#N)n1,-3.15,-2.49,1,240.698,2,1,4,86.52
Triphenylene,c1ccc2c(c1)c3ccccc3c4ccccc24,-6.726,-5.568,2,228.294,0,4,0,0
Dienestrol,CC=C(C(=CC)c1ccc(O)cc1)c2ccc(O)cc2,-4.95,-4.775,1,266.34,2,2,3,40.46
Di(2-ethylhexyl)-phthalate,CCCCC(CC)COC(=O)c1ccccc1C(=O)OCC(CC)CCCC,-6.96,-7.117,1,390.564,0,1,14,52.6
2-Ethyl pyridine,CCc1ccccn1,0.51,-2.051,1,107.156,0,1,1,12.89
Naled,COP(=O)(OC)OC(Br)C(Cl)(Cl)Br,-2.28,-3.548,1,380.784,0,0,5,44.76
Biphenyl,c1ccc(cc1)c2ccccc2,-4.345,-4.079,2,154.212,0,2,1,0
"2,2',4,4',6,6'-PCB",Clc1cc(Cl)c(c(Cl)c1)c2c(Cl)cc(Cl)cc2Cl ,-8.71,-7.179,1,360.882,0,2,1,0
Altretamine,CN(C)c1nc(nc(n1)N(C)C)N(C)C,-3.364,-2.492,1,210.285,0,1,3,48.39
"2,4-Dimethyl-2-pentanol ",CC(C)CC(C)(C)O,-0.92,-1.647,1,116.204,1,0,2,20.23
Cycloheptyl-5-spirobarbituric acid,O=C2NC(=O)C1(CCCCCC1)C(=O)N2 ,-3.168,-1.844,1,210.233,2,2,0,75.27
Fructose,OCC1OC(O)(CO)C(O)C1O,0.64,0.471,1,180.156,5,1,2,110.38
"3,5-Dimethylphenol",Cc1cc(C)cc(O)c1,-1.4,-2.652,1,122.167,1,1,0,20.23
Barban,ClCC#CCOC(=O)Nc1cccc(Cl)c1,-4.37,-4.16,1,258.104,1,1,2,38.33
p-Chloroacetanilide,CC(=O)Nc1ccc(Cl)cc1,-2.843,-2.642,1,169.611,1,1,1,29.1
"2,2',3,4,5,5',6-PCB",Clc1ccc(Cl)c(c1)c2c(Cl)c(Cl)c(Cl)c(Cl)c2Cl,-8.94,-7.898,1,395.327,0,2,1,0
"2,2-Dimethylbutane",CCC(C)(C)C,-3.55,-2.584,1,86.178,0,0,0,0
N-Methylaniline ,CNc1ccccc1,-1.28,-2.097,1,107.156,1,1,1,12.03
"1,4-Pentadiene ",C=CCC=C,-2.09,-1.758,1,68.119,0,0,2,0
Hydrocortisone 21-acetate,CC(=O)OCC(=O)C1(O)CCC2C3CCC4=CC(=O)CCC4(C)C3C(O)CC21C,-4.88,-3.692,1,404.503,2,4,3,100.9
DNOC,Cc1cc(cc(N(=O)=O)c1O)N(=O)=O,-1.456,-2.818,1,198.134,1,1,2,106.51
Lorazepam,OC3N=C(c1ccccc1Cl)c2cc(Cl)ccc2NC3=O,-3.604,-3.75,1,321.163,2,3,1,61.69
3-Chlorophenol,Oc1cccc(Cl)c1,-0.7,-2.761,1,128.558,1,1,0,20.23
m-Chlorobromobenzene,Clc1cccc(Br)c1,-3.21,-3.928,1,191.455,0,1,0,0
chlorothiazide,NS(=O)(=O)c2cc1c(N=CNS1(=O)=O)cc2Cl ,-3.05,-1.752,1,295.729,2,2,1,118.69
5-Methyl-5-ethylbarbituric acid,O=C1NC(=O)NC(=O)C1(C)CC,-1.228,-0.911,1,170.168,2,1,1,75.27
2-Phenoxyethanol,OCCOc1ccccc1,-0.7,-1.761,1,138.166,1,1,3,29.46
Diphenylmethane,C(c1ccccc1)c2ccccc2,-4.08,-4.09,2,168.239,0,2,2,0
3-Octanol,CCCCCC(O)CC,-1.98,-2.033,1,130.231,1,0,5,20.23
Flumetralin,CCN(Cc1c(F)cccc1Cl)c2c(cc(cc2N(=O)=O)C(F)(F)F)N(=O)=O,-6.78,-6.584,1,421.734,0,2,6,89.52
Propazine,CC(C)Nc1nc(Cl)nc(NC(C)C)n1,-4.43,-3.329,1,229.715,2,1,4,62.73
2-Methylpentanol,CCCC(C)CO,-1.11,-1.381,1,102.177,1,0,3,20.23
2-Methyl-2-hexanol,CCCCC(C)(C)O,-1.08,-1.663,1,116.204,1,0,3,20.23
Ethylbenzene,CCc1ccccc1,-2.77,-2.988,1,106.168,0,1,1,0
5-(3-Methyl-2-butenyl)-5-ethylbarbital,O=C1NC(=O)NC(=O)C1(CC)CC=C(C)C,-2.253,-2.126,1,224.26,2,1,3,75.27
Heptachlor,ClC1C=CC2C1C3(Cl)C(=C(Cl)C2(Cl)C3(Cl)Cl)Cl,-6.317,-5.26,1,373.321,0,3,0,0
butallylonal,CCC(C)C1(CC(Br)=C)C(=O)NC(=O)NC1=O ,-2.647,-2.766,1,303.156,2,1,4,75.27
Fenpropathrin,CC1(C)C(C(=O)OC(C#N)c2cccc(Oc3ccccc3)c2)C1(C)C,-6.025,-6.15,1,349.43,0,3,5,59.32
Methoprene,COC(C)(C)CCCC(C)CC=CC(C)=CC(=O)OC(C)C,-5.19,-4.795,1,310.478,0,0,10,35.53
Ethyl propionate,CCOC(=O)CC,-0.66,-1.191,1,102.133,0,0,2,26.3
Prometryn,CSc1nc(NC(C)C)nc(NC(C)C)n1,-4.1,-3.693,1,241.364,2,1,5,62.73
Buturon,CC(C#C)N(C)C(=O)Nc1ccc(Cl)cc1,-3.9,-3.199,1,236.702,1,1,2,32.34
"2,3-Dimethylnaphthalene",Cc1cc2ccccc2cc1C,-4.72,-4.116,1,156.228,0,2,0,0
"2,4',5-PCB",Clc1ccc(cc1)c2cc(Cl)ccc2Cl ,-6.25,-5.762,1,257.547,0,2,1,0
"2,3',4,4',5-PCB",Clc1ccc(c(Cl)c1)c2cc(Cl)c(Cl)c(Cl)c2Cl ,-7.39,-7.343,1,360.882,0,2,1,0
2-cyanoguanidine,NC(N)=NC#N ,-0.31,0.361,1,84.082,2,0,0,88.19
Chloropicrin,ClC(Cl)(Cl)N(=O)=O,-2,-1.866,1,164.375,0,0,0,43.14
"2,6-PCB",Clc1cccc(Cl)c1c2ccccc2 ,-5.21,-4.984,1,223.102,0,2,1,0
p-Methoxybenzaldehyde,COc1ccc(C=O)cc1,-1.49,-2.252,1,136.15,0,1,2,26.3
4-Nitroacetanilide,CC(=O)Nc1ccc(cc1)N(=O)=O,-2.692,-2.219,1,180.163,1,1,2,72.24
Ethyl heptanoate,CCCCCCC(=O)OCC,-2.74,-2.608,1,158.241,0,0,6,26.3
p-Hydroxyacetanilide,CC(=O)Nc1ccc(O)cc1,-1.03,-1.495,1,151.165,2,1,1,49.33
indazole,c2ccc1[nH]ncc1c2 ,-2.16,-2.34,2,118.139,1,2,0,28.68
triamcinolone acetonide,CC5(C)OC4CC3C2CCC1=CC(=O)C=CC1(C)C2(F)C(O)CC3(C)C4(O5)C(=O)CO ,-4.31,-3.928,1,434.504,2,5,2,93.06
guanine,Nc2nc1[nH]cnc1c(=O)[nH]2 ,-3.583,-0.67,1,151.129,3,2,0,100.45
Methyl acetate,COC(=O)C,0.46,-0.416,1,74.079,0,0,0,26.3
Stanolone,CC34CCC1C(CCC2CC(=O)CCC12C)C3CCC4O ,-4.743,-3.882,1,290.447,1,4,0,37.3
1-Hexene-3-ol,CCCC(O)C=C,-0.59,-1.199,1,100.161,1,0,3,20.23
norbormide,OC(C1=CC2C5C(C1C2=C(c3ccccc3)c4ccccn4)C(=O)NC5=O)(c6ccccc6)c7ccccn7 ,-3.931,-4.238,1,511.581,2,7,5,92.18
Dibutyl ether ,CCCCOCCCC,-1.85,-2.135,1,130.231,0,0,6,9.23
1-Dodecanol,CCCCCCCCCCCCO,-4.8,-3.523,1,186.339,1,0,10,20.23
RTI 6,CCN2c1nc(N(C)(CCO))ccc1NC(=O)c3cccnc23 ,-3.36,-3.335,1,313.361,2,3,4,81.59
2-Methyl-2-pentanol,CCCC(C)(C)O,-0.49,-1.308,1,102.177,1,0,2,20.23
Flucytosine,Nc1nc(=O)[nH]cc1F,-0.972,-0.132,1,129.094,2,1,0,71.77
stadacaine,CCCCOc1ccc(C(=O)OCC)c(c1)N(CC)CC ,-3.84,-5.128,1,293.407,0,1,9,38.77
2-Methyl-2-heptanol,CCCCCC(C)(C)O,-1.72,-2.017,1,130.231,1,0,4,20.23
Hexamethylbenzene,Cc1c(C)c(C)c(C)c(C)c1C,-5.23,-4.361,1,162.276,0,1,0,0
Thymol,CC(C)c1ccc(C)cc1O,-2.22,-3.129,1,150.221,1,1,1,20.23
Pteridine,c2cnc1ncncc1n2,0.02,-0.906,2,132.126,0,2,0,51.56
Parathion,CCOP(=S)(OCC)Oc1ccc(cc1)N(=O)=O,-4.66,-3.949,1,291.265,0,1,7,70.83
Methane,C,-0.9,-0.636,0,16.043,0,0,0,0
indoline,c2ccc1NCCc1c2 ,-1.04,-2.195,2,119.167,1,2,0,12.03
1-Nitronapthalene,O=N(=O)c1cccc2ccccc12,-3.54,-3.414,1,173.171,0,2,1,43.14
3-Methyl-2-pentanone,CCC(C)C(=O)C,-0.67,-1.266,1,100.161,0,0,2,17.07
isoguanine,Nc1nc(O)nc2nc[nH]c12 ,-3.401,-1.74,1,151.129,3,2,0,100.71
bromadiolone,OC(CC(c1ccccc1)c3c(O)c2ccccc2oc3=O)c4ccc(cc4)c5ccc(Br)cc5 ,-4.445,-7.877,1,527.414,2,5,6,70.67
Nitromethane,CN(=O)=O,0.26,-0.042,1,61.04,0,0,0,43.14
Triallate,CC(C)N(C(C)C)C(=O)SCC(Cl)=C(Cl)Cl,-4.88,-4.578,1,304.67,0,0,4,20.31
"1,5-Hexadiene ",C=CCCC=C,-2.68,-2.112,1,82.146,0,0,3,0
Indole,c2ccc1[nH]ccc1c2,-1.52,-2.654,2,117.151,1,2,0,15.79
Androstenedione,CC34CCC1C(CCC2=CC(=O)CCC12C)C3CCC4=O,-3.69,-3.393,1,286.415,0,4,0,34.14
1-Hexene,CCCCC=C,-3.23,-2.364,1,84.162,0,0,3,0
Xipamide,Cc1cccc(C)c1NC(=O)c2cc(c(Cl)cc2O)S(N)(=O)=O,-3.79,-3.642,1,354.815,3,2,3,109.49
Ethylcyclohexane,CCC1CCCCC1,-4.25,-3.245,1,112.216,0,1,1,0
2-Nonanone,CCCCCCCC(=O)C,-2.58,-2.263,1,142.242,0,0,6,17.07
Mebendazole,COC(=O)Nc2nc1ccc(cc1[nH]2)C(=O)c3ccccc3,-3.88,-4.118,1,295.298,2,3,3,84.08
Chloropham,CC(C)OC(=O)Nc1cccc(Cl)c1,-3.38,-3.544,1,213.664,1,1,2,38.33
RTI 12,CCN2c1nc(Cl)ccc1N(C)C(=O)c3cccnc23 ,-4.114,-3.446,1,288.738,0,3,1,49.33
Carbaryl,CNC(=O)Oc1cccc2ccccc12,-3.224,-3.087,1,201.225,1,2,1,38.33
Ethyne,C#C,0.29,-0.252,1,26.038,0,0,0,0
"3,5-Dimethylpyridine",Cc1cncc(C)c1,0.38,-2.098,1,107.156,0,1,0,12.89
"1,4-Cyclohexadiene",C1C=CCC=C1,-2.06,-1.842,2,80.13,0,1,0,0
Mecarbam,CCOC(=O)N(C)C(=O)CSP(=S)(OCC)OCC,-2.518,-3.738,1,329.38,0,0,8,65.07
1-Phenylethanol,CC(O)c1ccccc1,-0.92,-1.919,1,122.167,1,1,1,20.23
"1,2-Dichloropropane",CC(Cl)CCl,-1.6,-1.794,1,112.987,0,0,1,0
2-Ethyl-2-hexanal,CCCC=C(CC)C=O,-2.46,-2.081,1,126.199,0,0,4,17.07
Disulfoton,CCOP(=S)(OCC)SCCSCC,-4.23,-3.975,1,274.413,0,0,9,18.46
methyltestosterone acetate,CC(=O)OC3(C)CCC4C2CCC1=CC(=O)CCC1(C)C2CCC34C ,-5.284,-4.863,1,344.495,0,4,1,43.37
"2,4,6-PCB",Clc1ccc(cc1)c2c(Cl)cccc2Cl ,-6.14,-5.604,1,257.547,0,2,1,0
difluron,Fc1cccc(F)c1C(=O)NC(=O)Nc2ccc(Cl)cc2,-6.02,-4.692,1,310.687,2,2,2,58.2
Triclosan,Oc1cc(Cl)ccc1Oc2ccc(Cl)cc2Cl,-4.46,-5.645,1,289.545,1,2,2,29.46
diisooctyl phthalate,c1(C(=O)OCCCCCC(C)(C))c(C(=O)OCCCCCC(C)(C))cccc1,-6.637,-7.117,1,390.564,0,1,14,52.6
Corticosterone,CC12CC(O)C3C(CCC4=CC(=O)CCC34C)C2CCC1C(=O)CO,-3.24,-3.454,1,346.467,2,4,2,74.6
"1,3,5-Trimethylbenzene ",Cc1cc(C)cc(C)c1,-3.4,-3.375,1,120.195,0,1,0,0
dioctyl phthalate,CCCCCCCCOC(=O)c1ccccc1C(=O)OCCCCCCCC ,-5.115,-7.148,1,390.564,0,1,16,52.6
1-Pentadecanol,CCCCCCCCCCCCCCCO,-6.35,-4.586,1,228.42,1,0,13,20.23
"2,2',6,6'-PCB",Clc1cccc(Cl)c1c2c(Cl)cccc2Cl ,-7.39,-5.915,1,291.992,0,2,1,0
"5,5-Dimethylbarbituric acid",O=C1NC(=O)NC(=O)C1(C)C,-1.742,-0.556,1,156.141,2,1,0,75.27
2-Iodopropane,CC(C)I,-2.09,-2.486,1,169.993,0,0,0,0
"1,2-Dinitrobenzene",O=N(=O)c1ccccc1N(=O)=O,-3.1,-2.281,1,168.108,0,1,2,86.28
3-Methyl-2-butanone,CC(C)C(=O)C,-0.12,-0.912,1,86.134,0,0,1,17.07
Hexadecane,CCCCCCCCCCCCCCCC,-8.4,-6.159,1,226.448,0,0,13,0
"1,8-Cineole",CC12CCC(CC1)C(C)(C)O2,-1.74,-2.579,1,154.253,0,3,0,9.23
Tricyclazole,Cc2cccc3sc1nncn1c23 ,-2.07,-2.868,1,189.243,0,3,0,30.19
2-Octanone,CCCCCCC(=O)C,-2.05,-1.909,1,128.215,0,0,5,17.07
Methyl nonanoate,CCCCCCCCC(=O)OC,-3.38,-2.962,1,172.268,0,0,7,26.3
"1,4-Difluorobenzene",Fc1ccc(F)cc1,-1.97,-2.636,1,114.094,0,1,0,0
Thalidomide,O=C1N(C2CCC(=O)NC2=O)C(=O)c3ccccc13,-2.676,-1.944,1,258.233,1,3,1,83.55
Trifluralin,CCCN(CCC)c1c(cc(cc1N(=O)=O)C(F)(F)F)N(=O)=O,-5.68,-5.205,1,335.282,0,1,7,89.52
Ethanol,CCO,1.1,0.02,1,46.069,1,0,0,20.23
Cyclopentyl-5-spirobarbituric acid,O=C2NC(=O)C1(CCCC1)C(=O)N2,-2.349,-0.966,1,182.179,2,2,0,75.27
Carbetamide,c1c(NC(=O)OC(C)C(=O)NCC)cccc1,-1.83,-2.29,1,236.271,2,1,4,67.43
phenothrin,CC(C)=CC3C(C(=O)OCc2cccc(Oc1ccccc1)c2)C3(C)C ,-5.24,-6.763,1,350.458,0,3,6,35.53
Cycluron,CN(C)C(=O)NC1CCCCCCC1,-2.218,-2.629,1,198.31,1,1,1,32.34
Mirex,ClC1(C2(Cl)C3(Cl)C4(Cl)C5(Cl)C1(Cl)C3(Cl)Cl)C5(Cl)C(Cl)(Cl)C24Cl,-6.8,-6.155,1,545.546,0,6,0,0
1-Bromooctane,CCCCCCCCBr,-5.06,-3.721,1,193.128,0,0,6,0
Benomyl,CCCCNC(=O)n1c(NC(=O)OC)nc2ccccc12,-4.883,-2.902,1,290.323,2,2,4,85.25
aminopyrine,CN(C)c2c(C)n(C)n(c1ccccc1)c2=O ,-0.364,-2.129,1,231.299,0,2,2,30.17
3-Pentanol,CCC(O)CC,-0.24,-0.97,1,88.15,1,0,2,20.23
p-Nitrotoluene,Cc1ccc(cc1)N(=O)=O,-2.49,-2.64,1,137.138,0,1,1,43.14
4-Methylpentanol,CC(C)CCCO,-1.14,-1.381,1,102.177,1,0,3,20.23
Norethisterone,CC34CCC1C(CCC2=CC(=O)CCC12O)C3CCC4(O)C#C,-4.57,-2.669,1,314.425,2,4,0,57.53
bromopropylate,CC(C)OC(=O)C(O)(c1ccc(Br)cc1)c2ccc(Br)cc2 ,-4.93,-5.833,1,428.12,1,2,4,46.53
Pyrazon,Nc2cnn(c1ccccc1)c(=O)c2Cl,-2.878,-2.603,1,221.647,1,2,1,60.91
2-Methylbutan-2-ol,CCC(C)(C)O,0.15,-0.954,1,88.15,1,0,1,20.23
p-Cresol,Cc1ccc(O)cc1,-0.73,-2.313,1,108.14,1,1,0,20.23
Ethyl formate,CCOC=O,0.15,-0.402,1,74.079,0,0,2,26.3
"N,N-Dimethylaniline",CN(C)c1ccccc1,-1.92,-2.542,1,121.183,0,1,1,3.24
Decalin,C1CCC2CCCCC2C1,-5.19,-3.715,2,138.254,0,2,0,0
Butanethiol ,CCCCS,-2.18,-1.676,1,90.191,1,0,2,0
Benzo(e)pyrene,c1ccc2c(c1)c3cccc4ccc5cccc2c5c43,-7.8,-6.007,2,252.316,0,5,0,0
Tetrachloroethylene,ClC(=C(Cl)Cl)Cl,-2.54,-3.063,1,165.834,0,0,0,0
3-Pentanone,CCC(=O)CC,-0.28,-0.912,1,86.134,0,0,2,17.07
Acrylonitrile,C=CC#N,0.15,-0.354,1,53.064,0,0,0,23.79
Flumethasone,CC1CC2C3CC(F)C4=CC(=O)C=CC4(C)C3(F)C(O)CC2(C)C1(O)C(=O)CO,-5.613,-3.539,1,410.457,3,4,2,94.83
2-Hexanone,CCCCC(=O)C,-0.8,-1.2,1,100.161,0,0,3,17.07
Terbumeton,CCNc1nc(NC(C)(C)C)nc(OC)n1,-3.239,-3.505,1,225.296,2,1,4,71.96
3-Methylheptane,CCCCC(C)CC,-5.16,-3.308,1,114.232,0,0,4,0
"1,2-Dibromoethane",BrCCBr,-1.68,-2.102,1,187.862,0,0,1,0
Isoprocarb,CNC(=O)Oc1ccccc1C(C)C,-2.863,-2.734,1,193.246,1,1,2,38.33
Niridazole,O=C1NCCN1c2ncc(s2)N(=O)=O,-3.22,-1.948,1,214.206,1,2,2,88.37
Benzo(a)fluorene,C1c2ccccc2c3ccc4ccccc4c13,-6.68,-5.189,2,216.283,0,4,0,0
2-Chloroanisole,COc1ccccc1Cl,-2.46,-2.912,1,142.585,0,1,1,9.23
Bromophos,COP(=S)(OC)Oc1cc(Cl)c(Br)cc1Cl,-6.09,-5.604,1,366,0,1,4,27.69
Quinonamid,ClC(Cl)CC(=O)NC2=C(Cl)C(=O)c1ccccc1C2=O,-5.03,-3.988,1,332.57,1,2,3,63.24
"P,P'-DDD",ClC(Cl)C(c1ccc(Cl)cc1)c2ccc(Cl)cc2 ,-7.2,-6.008,1,320.046,0,2,3,0
Methyl acrylate,COC(=O)C=C,-0.22,-0.878,1,86.09,0,0,1,26.3
Chloroxuron,CN(C)C(=O)Nc2ccc(Oc1ccc(Cl)cc1)cc2,-4.89,-4.477,1,290.75,1,2,3,41.57
Azobenzene,N(=Nc1ccccc1)c2ccccc2,-4.45,-4.034,2,182.226,0,2,2,24.72
4-Isopropyltoluene,CC(C)c1ccc(C)cc1,-3.77,-3.617,1,134.222,0,1,1,0
"2,6-Dichlorophenol",Oc1c(Cl)cccc1Cl,-1.79,-3.012,1,163.003,1,1,0,20.23
Sucrose,OCC2OC(OC1(CO)OC(CO)C(O)C1O)C(O)C(O)C2O ,0.79,0.31,1,342.297,8,2,5,189.53
d-inositol,OC1C(O)C(O)C(O)C(O)C1O,0.35,-0.887,1,180.156,6,1,0,121.38
Dyphylline,Cn2c(=O)n(C)c1ncn(CC(O)CO)c1c2=O,-0.17,-0.847,1,254.246,2,2,3,102.28
Chloramphenicol,OCC(NC(=O)C(Cl)Cl)C(O)c1ccc(cc1)N(=O)=O,-2.111,-2.613,1,323.132,3,1,6,112.7
3-Ethyl-3-pentanol,CCC(O)(CC)CC,-0.85,-1.663,1,116.204,1,0,3,20.23
Epitostanol,CC45CCC2C(CCC3CC1SC1CC23C)C4CCC5O,-5.41,-4.545,1,306.515,1,5,0,20.23
"1,2-Dibromobenzene",Brc1ccccc1Br,-3.5,-4.172,1,235.906,0,1,0,0
"2,4,6-Trichlorophenol",Oc1c(Cl)cc(Cl)cc1Cl,-2.34,-3.648,1,197.448,1,1,0,20.23
oryzalin,CCCN(CCC)c1c(cc(cc1N(=O)=O)S(N)(=O)=O)N(=O)=O,-5.16,-3.784,1,346.365,1,1,8,149.68
RTI 20,C2c1ccccc1N(CCF)C(=O)c3ccccc23 ,-4.799,-3.663,1,255.292,0,3,2,20.31
"2,4-Dimethyl-3-pentanone",CC(C)C(=O)C(C)C,-1.3,-1.752,1,114.188,0,0,2,17.07
5-(3-Methyl-2-butenyl)-5-isoPrbarbital,O=C1NC(=O)NC(=O)C1(C(C)C)CC=C(C)C,-2.593,-2.465,1,238.287,2,1,3,75.27
gentisin,c1c(O)C2C(=O)C3cc(O)ccC3OC2cc1(OC),-2.943,-1.292,1,262.261,2,3,1,75.99
Caffeine,Cn1cnc2n(C)c(=O)n(C)c(=O)c12,-0.876,-1.498,1,194.194,0,2,0,61.82
Spironolactone,CC(=O)SC4CC1=CC(=O)CCC1(C)C5CCC2(C)C(CCC23CCC(=O)O3)C45,-4.173,-3.842,1,416.583,0,5,1,60.44
"3,4-Dimethylphenol",Cc1ccc(O)cc1C,-1.38,-2.621,1,122.167,1,1,0,20.23
Diphenyl ether ,O(c1ccccc1)c2ccccc2,-3.96,-4.254,2,170.211,0,2,2,9.23
"2,2',4,4',5,5'-PCB",Clc1cc(Cl)c(cc1Cl)c2cc(Cl)c(Cl)cc2Cl ,-8.56,-7.343,1,360.882,0,2,1,0
nicotinamide,NC(=O)c1cccnc1 ,0.61,-0.964,1,122.127,1,1,1,55.98
Thiophenol ,Sc1ccccc1,-2.12,-2.758,1,110.181,1,1,0,0
XMC,CNC(=O)Oc1cc(C)cc(C)c1,-2.581,-2.688,1,179.219,1,1,1,38.33
Chlordane,ClC1CC2C(C1Cl)C3(Cl)C(=C(Cl)C2(Cl)C3(Cl)Cl)Cl,-6.86,-6.039,1,409.782,0,3,0,0
Dimethyldisulfide,CSSC,-1.44,-1.524,1,94.204,0,0,1,0
Benzamide,NC(=O)c1ccccc1,-0.96,-1.501,1,121.139,1,1,1,43.09
o-Chlorobromobenzene,Clc1ccccc1Br,-3.19,-3.84,1,191.455,0,1,0,0
Monotropitoside,COC(=O)c1ccccc1OC2OC(COC3OCC(O)C(O)C3O)C(O)C(O)C2O,-0.742,-1.493,1,446.405,6,3,6,184.6
3-Heptanol ,CCCCC(O)CC,-1.47,-1.678,1,116.204,1,0,4,20.23
RTI 15,CCN2c1nc(C)cc(C)c1NC(=O)c3cccnc23 ,-4.554,-3.891,1,268.32,1,3,1,58.12
"3,5-Dichlorophenol",Oc1cc(Cl)cc(Cl)c1,-1.34,-3.428,1,163.003,1,1,0,20.23
1-Methylphenanthrene,Cc1cccc2c1ccc3ccccc32,-5.85,-4.87,1,192.261,0,3,0,0
2-Ethyl-1-hexanol,CCCCC(CC)CO,-2.11,-2.089,1,130.231,1,0,5,20.23
Diallate,CC(C)N(C(C)C)C(=O)SCC(=CCl)Cl,-4.286,-3.827,1,270.225,0,0,4,20.31
Toluene ,Cc1ccccc1,-2.21,-2.713,1,92.141,0,1,0,0
Nitrapyrin,Clc1cccc(n1)C(Cl)(Cl)Cl,-3.76,-3.833,1,230.909,0,1,0,12.89
Cycloheptene,C1CCC=CCC1,-3.18,-2.599,2,96.173,0,1,0,0
Thiram,CN(C)C(=S)SSC(=S)N(C)C ,-3.9,-2.444,1,240.444,0,0,0,6.48
Griseofulvin,COC1=CC(=O)CC(C)C13Oc2c(Cl)c(OC)cc(OC)c2C3=O,-3.246,-3.328,1,352.77,0,3,3,71.06
1-Decanol,CCCCCCCCCCO,-3.63,-2.814,1,158.285,1,0,8,20.23
"3,3-Dimethylpentane",CCC(C)(C)CC,-4.23,-2.938,1,100.205,0,0,2,0
vamidothion,CNC(=O)C(C)SCCSP(=O)(OC)(OC),1.144,-1.446,1,287.343,1,0,8,64.63
"2,3,4,5-Tetrachlorophenol",Oc1cc(Cl)c(Cl)c(Cl)c1Cl,-3.15,-4.335,1,231.893,1,1,0,20.23
Butyraldehyde,CCCC=O,-0.01,-0.749,1,72.107,0,0,2,17.07
dexamethasone acetate,CC4CC3C2CCC1=CC(=O)C=CC1(C)C2(F)C(O)CC3(C)C4(O)C(=O)COC(C)=O ,-4.9,-3.933,1,434.504,2,4,3,100.9
Butane,CCCC,-2.57,-1.907,1,58.124,0,0,1,0
o-Methoxyphenol,COc1ccccc1O,-1.96,-1.941,1,124.139,1,1,1,29.46
Fluoromethalone,CC1CC2C3CCC(O)(C(=O)C)C3(C)CC(O)C2(F)C4(C)C=CC(=O)C=C14,-4.099,-3.507,1,376.468,2,4,1,74.6
Pentachloroethane,ClC(Cl)C(Cl)(Cl)Cl,-2.6,-3.382,1,202.295,0,0,0,0
Diethyl phthalate ,CCOC(=O)c1ccccc1C(=O)OCC,-2.35,-3.016,1,222.24,0,1,4,52.6
2-Methylpropan-1-ol,CC(C)CO,0.1,-0.672,1,74.123,1,0,1,20.23
Isobutylbenzene,CC(C)Cc1ccccc1,-4.12,-3.57,1,134.222,0,1,2,0
Diiodomethane,ICI,-2.34,-2.958,1,267.835,0,0,0,0
4-Heptanol,CCCC(O)CCC,-1.4,-1.678,1,116.204,1,0,4,20.23
Pentyl acetate,CCCCCOC(=O)C,-1.89,-1.833,1,130.187,0,0,4,26.3
"2,3,5,6-Tetrachlorophenol",Oc1c(Cl)c(Cl)cc(Cl)c1Cl,-3.37,-4.203,1,231.893,1,1,0,20.23
Propylbenzene ,CCCc1ccccc1,-3.37,-3.281,1,120.195,0,1,2,0
"1,2-Dichlorotetrafluoroethane",FC(F)(Cl)C(F)(F)Cl,-2.74,-2.697,1,170.92,0,0,1,0
2-butenal,CC=CC=O,0.32,-0.604,1,70.091,0,0,1,17.07
tetramethylurea,CN(C)C(=O)N(C)C ,0.94,-0.495,1,116.164,0,0,0,23.55
"1,2,4,5-Tetramethylbenzene",Cc1cc(C)c(C)cc1C,-4.59,-3.664,1,134.222,0,1,0,0
norethindrone acetate,CC(=O)OC3(CCC4C2CCC1=CC(=O)CCC1C2CCC34C)C#C,-4.8,-4.241,1,340.463,0,4,1,43.37
Ditalimfos,CCOP(=S)(OCC)N2C(=O)c1ccccc1C2=O,-3.35,-3.992,1,299.288,0,2,5,55.84
salicylanilide,c1ccccc1NC(=O)c2c(O)cccc2,-3.59,-3.782,1,213.236,2,2,2,49.33
Sulfallate,CCN(CC)C(=S)SCC(Cl)=C,-3.39,-3.254,1,223.794,0,0,4,3.24
Chloroethane,ClCC,-1.06,-1.165,1,64.515,0,0,0,0
Mefluidide,CC(=O)Nc1cc(NS(=O)(=O)C(F)(F)F)c(C)cc1C,-3.24,-3.165,1,310.297,2,1,3,75.27
Piperine,O=C(C=CC=Cc2ccc1OCOc1c2)N3CCCCC3,-3.46,-3.659,1,285.343,0,3,3,38.77
cis-2-Pentene,CC/C=C\C,-2.54,-2.076,1,70.135,0,0,1,0
thiofanox,CNC(=O)ON=C(CSC)C(C)(C)C ,-1.62,-2.7,1,218.322,1,0,3,50.69
Cyclooctyl-5-spirobarbituric acid,O=C2NC(=O)C1(CCCCCCC1)C(=O)N2,-2.982,-2.284,1,224.26,2,2,0,75.27
butacarb,c1(C(C)(C)C)cc(C(C)(C)C)cc(OC(=O)NC)c1,-4.24,-4.642,1,263.381,1,1,1,38.33
Eriodictyol,Oc2cc(O)c1C(=O)CC(Oc1c2)c3ccc(O)c(O)c3,-3.62,-3.152,1,288.255,4,3,1,107.22
Benzophenone,O=C(c1ccccc1)c2ccccc2,-3.12,-3.612,1,182.222,0,2,2,17.07
Eicosane,CCCCCCCCCCCCCCCCCCCC,-8.172,-7.576,1,282.556,0,0,17,0
hydrazobenzene,N(Nc1ccccc1)c2ccccc2 ,-2.92,-3.492,2,184.242,2,2,3,24.06
2-Ethyl-1-butanol,CCC(CC)CO,-1.17,-1.381,1,102.177,1,0,3,20.23
4-hydroxypyridine,Oc1ccncc1,1.02,-1.655,1,95.101,1,1,0,33.12
"cis 1,2-Dichloroethylene",Cl\C=C/Cl,-1.3,-1.561,1,96.944,0,0,0,0
Methylcyclopentane,CC1CCCC1,-3.3,-2.452,1,84.162,0,1,0,0
4-Methyl-2-pentanol,CC(C)CC(C)O,-0.8,-1.308,1,102.177,1,0,2,20.23
RTI 11,O2c1ccc(N)cc1N(C)C(=O)c3cc(C)ccc23 ,-3.928,-3.125,1,254.289,1,3,0,55.56
"2,2-Dimethylpropanol",CC(C)(C)CO,-0.4,-1.011,1,88.15,1,0,0,20.23
Triadimefon,CC(C)(C)C(=O)C(Oc1ccc(Cl)cc1)n2cncn2,-3.61,-4.132,1,293.754,0,2,4,57.01
Isocarboxazid,Cc1cc(no1)C(=O)NNCc2ccccc2,-2.461,-2.251,1,231.255,2,2,4,67.16
Propylene,CC=C,-1.08,-1.235,1,42.081,0,0,0,0
Dichlorophen,Oc1ccc(Cl)cc1Cc2cc(Cl)ccc2O,-3.953,-4.924,1,269.127,2,2,2,40.46
Desmedipham,CCOC(=O)Nc2cccc(OC(=O)Nc1ccccc1)c2 ,-4.632,-4.182,1,300.314,2,2,4,76.66
Anthraquinone,O=C1c2ccccc2C(=O)c3ccccc13,-5.19,-3.34,1,208.216,0,3,0,34.14
2-Octanol,CCCCCCC(C)O,-2.09,-2.033,1,130.231,1,0,5,20.23
Oxycarboxin,CC1=C(C(=O)Nc2ccccc2)S(=O)(=O)CCO1,-2.281,-2.169,1,267.306,1,2,2,72.47
Butylbenzene,CCCCc1ccccc1,-4.06,-3.585,1,134.222,0,1,3,0
parabanic acid,O=C1NC(=O)C(=O)N1 ,-0.4,1.091,1,114.06,2,1,0,75.27
Abate,COP(=S)(OC)Oc1ccc(Sc2ccc(OP(=S)(OC)OC)cc2)cc1,-6.237,-6.678,1,466.479,0,2,10,55.38
Chlorthalidone,NS(=O)(=O)c1cc(ccc1Cl)C2(O)NC(=O)c3ccccc23,-3.451,-2.564,1,338.772,3,3,2,109.49
Isobutyl acetate,CC(C)COC(=O)C,-1.21,-1.463,1,116.16,0,0,2,26.3
"2,2,3-Trimethylbutane",CC(C)C(C)(C)C,-4.36,-2.922,1,100.205,0,0,0,0
"2,3,3',4,4'6-PCB",Clc1ccc(c(Cl)c1Cl)c2c(Cl)cc(Cl)c(Cl)c2Cl ,-7.66,-7.746,1,395.327,0,2,1,0
Phthalonitrile,N#Cc1ccccc1C#N,-2.38,-1.717,1,128.134,0,1,0,47.58
m-Nitrotoluene,Cc1cccc(c1)N(=O)=O,-2.44,-2.64,1,137.138,0,1,1,43.14
halothane,FC(F)(F)C(Cl)Br ,-1.71,-2.608,1,197.381,0,0,0,0
Oxamyl,CNC(=O)ON=C(SC)C(=O)N(C)C,0.106,-0.908,1,219.266,1,0,1,71
Thiometon,CCSCCSP(=S)(OC)OC,-3.091,-3.323,1,246.359,0,0,7,18.46
2-Methylbutane,CCC(C)C,-3.18,-2.245,1,72.151,0,0,1,0
Stirofos,COP(=O)(OC)OC(=CCl)c1cc(Cl)c(Cl)cc1Cl,-4.522,-4.32,1,365.964,0,1,5,44.76